Stage,,0,0,0,0,0,0,1,1,1,1,1,1,2,2,2,2,2,2,3,3,3,3,3,3,4,4,4,4,4,4,5,5,5,5,5,5,6,6,6,6,6,6,7,7,7,7,7,7,8,8,8,8,8,8,9,9,9,9,9,9,10,10,10,10,10,10,11,11,11,11,11,11,12,12,12,12,12,12,13,13,13,13,13,13,14,14,14,14,14,14,15,15,15,15,15,15,16,16,16,16,16,16,17,17,17,17,17,17,18,18,18,18,18,18
,,Pts,Norm_Pts,Position,Goals_Diff,Pos_Goals,Neg_Goals,Pts,Norm_Pts,Position,Goals_Diff,Pos_Goals,Neg_Goals,Pts,Norm_Pts,Position,Goals_Diff,Pos_Goals,Neg_Goals,Pts,Norm_Pts,Position,Goals_Diff,Pos_Goals,Neg_Goals,Pts,Norm_Pts,Position,Goals_Diff,Pos_Goals,Neg_Goals,Pts,Norm_Pts,Position,Goals_Diff,Pos_Goals,Neg_Goals,Pts,Norm_Pts,Position,Goals_Diff,Pos_Goals,Neg_Goals,Pts,Norm_Pts,Position,Goals_Diff,Pos_Goals,Neg_Goals,Pts,Norm_Pts,Position,Goals_Diff,Pos_Goals,Neg_Goals,Pts,Norm_Pts,Position,Goals_Diff,Pos_Goals,Neg_Goals,Pts,Norm_Pts,Position,Goals_Diff,Pos_Goals,Neg_Goals,Pts,Norm_Pts,Position,Goals_Diff,Pos_Goals,Neg_Goals,Pts,Norm_Pts,Position,Goals_Diff,Pos_Goals,Neg_Goals,Pts,Norm_Pts,Position,Goals_Diff,Pos_Goals,Neg_Goals,Pts,Norm_Pts,Position,Goals_Diff,Pos_Goals,Neg_Goals,Pts,Norm_Pts,Position,Goals_Diff,Pos_Goals,Neg_Goals,Pts,Norm_Pts,Position,Goals_Diff,Pos_Goals,Neg_Goals,Pts,Norm_Pts,Position,Goals_Diff,Pos_Goals,Neg_Goals,Pts,Norm_Pts,Position,Goals_Diff,Pos_Goals,Neg_Goals
Season,Team,,,,,,,,,,,,,,,,,,,,,,,,,,,,,,,,,,,,,,,,,,,,,,,,,,,,,,,,,,,,,,,,,,,,,,,,,,,,,,,,,,,,,,,,,,,,,,,,,,,,,,,,,,,,,,,,,,
2008/2009,AC Bellinzona,0.0,0.0,0.0,0.0,0.0,0.0,0.0,0.0,9.0,-2.0,1.0,3.0,0.0,0.0,10.0,-3.0,2.0,5.0,0.0,0.0,10.0,-5.0,2.0,7.0,1.0,0.1,10.0,-5.0,4.0,9.0,4.0,0.3076923076923077,9.0,-3.0,6.0,9.0,5.0,0.3333333333333333,8.0,-3.0,7.0,10.0,6.0,0.3333333333333333,8.0,-3.0,7.0,10.0,6.0,0.2857142857142857,9.0,-6.0,7.0,13.0,6.0,0.25,9.0,-7.0,8.0,15.0,7.0,0.2916666666666667,9.0,-7.0,9.0,16.0,8.0,0.32,9.0,-7.0,12.0,19.0,8.0,0.2857142857142857,9.0,-8.0,14.0,22.0,8.0,0.25806451612903225,9.0,-9.0,14.0,23.0,11.0,0.3235294117647059,8.0,-8.0,16.0,24.0,14.0,0.4,8.0,-7.0,17.0,24.0,17.0,0.4722222222222222,7.0,-6.0,18.0,24.0,17.0,0.4358974358974359,7.0,-9.0,18.0,27.0,17.0,0.40476190476190477,8.0,-12.0,18.0,30.0
2008/2009,BSC Young Boys,0.0,0.0,0.0,0.0,0.0,0.0,0.0,0.0,6.0,-1.0,1.0,2.0,0.0,0.0,8.0,-2.0,2.0,4.0,1.0,0.1111111111111111,8.0,-2.0,2.0,4.0,1.0,0.1,8.0,-3.0,3.0,6.0,4.0,0.3076923076923077,8.0,-2.0,5.0,7.0,7.0,0.4666666666666667,7.0,1.0,8.0,7.0,8.0,0.4444444444444444,6.0,1.0,11.0,10.0,8.0,0.38095238095238093,7.0,-1.0,12.0,13.0,11.0,0.4583333333333333,5.0,0.0,14.0,14.0,14.0,0.5833333333333334,5.0,1.0,16.0,15.0,17.0,0.68,5.0,6.0,21.0,15.0,18.0,0.6428571428571429,5.0,6.0,21.0,15.0,19.0,0.6129032258064516,5.0,6.0,23.0,17.0,22.0,0.6470588235294118,5.0,7.0,26.0,19.0,25.0,0.7142857142857143,3.0,12.0,32.0,20.0,26.0,0.7222222222222222,4.0,12.0,33.0,21.0,29.0,0.7435897435897436,3.0,13.0,34.0,21.0,32.0,0.7619047619047619,3.0,16.0,37.0,21.0
2008/2009,FC Aarau,0.0,0.0,0.0,0.0,0.0,0.0,3.0,1.0,1.0,2.0,3.0,1.0,6.0,1.0,1.0,4.0,5.0,1.0,9.0,1.0,1.0,5.0,7.0,2.0,10.0,1.0,1.0,5.0,7.0,2.0,13.0,1.0,1.0,6.0,8.0,2.0,14.0,0.9333333333333333,2.0,6.0,9.0,3.0,15.0,0.8333333333333334,2.0,6.0,12.0,6.0,15.0,0.7142857142857143,4.0,4.0,12.0,8.0,16.0,0.6666666666666666,4.0,4.0,12.0,8.0,17.0,0.7083333333333334,4.0,4.0,13.0,9.0,20.0,0.8,3.0,8.0,17.0,9.0,20.0,0.7142857142857143,3.0,4.0,17.0,13.0,23.0,0.7419354838709677,3.0,5.0,19.0,14.0,23.0,0.6764705882352942,3.0,2.0,19.0,17.0,23.0,0.6571428571428571,5.0,1.0,19.0,18.0,24.0,0.6666666666666666,5.0,1.0,20.0,19.0,24.0,0.6153846153846154,5.0,-1.0,21.0,22.0,27.0,0.6428571428571429,5.0,0.0,22.0,22.0
2008/2009,FC Basel,0.0,0.0,0.0,0.0,0.0,0.0,3.0,1.0,3.0,1.0,2.0,1.0,6.0,1.0,2.0,2.0,3.0,1.0,9.0,1.0,2.0,4.0,5.0,1.0,9.0,0.9,3.0,2.0,5.0,3.0,12.0,0.9230769230769231,2.0,6.0,9.0,3.0,15.0,1.0,1.0,9.0,13.0,4.0,18.0,1.0,1.0,10.0,17.0,7.0,21.0,1.0,1.0,12.0,19.0,7.0,24.0,1.0,1.0,14.0,21.0,7.0,24.0,1.0,1.0,13.0,22.0,9.0,25.0,1.0,2.0,13.0,23.0,10.0,28.0,1.0,2.0,14.0,26.0,12.0,31.0,1.0,1.0,17.0,29.0,12.0,34.0,1.0,1.0,19.0,31.0,12.0,35.0,1.0,1.0,19.0,32.0,13.0,35.0,0.9722222222222222,2.0,17.0,32.0,15.0,38.0,0.9743589743589743,2.0,19.0,35.0,16.0,38.0,0.9047619047619048,2.0,15.0,36.0,21.0
2008/2009,FC Luzern,0.0,0.0,0.0,0.0,0.0,0.0,0.0,0.0,7.0,-1.0,1.0,2.0,0.0,0.0,9.0,-2.0,1.0,3.0,0.0,0.0,9.0,-3.0,1.0,4.0,1.0,0.1,9.0,-3.0,3.0,6.0,1.0,0.07692307692307693,10.0,-4.0,3.0,7.0,1.0,0.06666666666666667,10.0,-7.0,3.0,10.0,1.0,0.05555555555555555,10.0,-9.0,5.0,14.0,2.0,0.09523809523809523,10.0,-9.0,6.0,15.0,2.0,0.08333333333333333,10.0,-11.0,6.0,17.0,2.0,0.08333333333333333,10.0,-12.0,6.0,18.0,2.0,0.08,10.0,-15.0,6.0,21.0,2.0,0.07142857142857142,10.0,-16.0,6.0,22.0,5.0,0.16129032258064516,10.0,-15.0,7.0,22.0,8.0,0.23529411764705882,10.0,-12.0,10.0,22.0,8.0,0.22857142857142856,10.0,-17.0,11.0,28.0,8.0,0.2222222222222222,10.0,-20.0,11.0,31.0,9.0,0.23076923076923078,10.0,-20.0,12.0,32.0,12.0,0.2857142857142857,10.0,-16.0,17.0,33.0
2008/2009,FC Sion,0.0,0.0,0.0,0.0,0.0,0.0,0.0,0.0,10.0,-2.0,1.0,3.0,3.0,0.5,6.0,-1.0,3.0,4.0,3.0,0.3333333333333333,7.0,-3.0,4.0,7.0,6.0,0.6,6.0,-1.0,6.0,7.0,6.0,0.46153846153846156,6.0,-3.0,6.0,9.0,9.0,0.6,5.0,-2.0,8.0,10.0,9.0,0.5,5.0,-4.0,9.0,13.0,10.0,0.47619047619047616,5.0,-4.0,10.0,14.0,11.0,0.4583333333333333,6.0,-4.0,13.0,17.0,12.0,0.5,6.0,-4.0,14.0,18.0,12.0,0.48,6.0,-9.0,14.0,23.0,13.0,0.4642857142857143,7.0,-9.0,14.0,23.0,13.0,0.41935483870967744,7.0,-12.0,14.0,26.0,13.0,0.38235294117647056,7.0,-13.0,15.0,28.0,16.0,0.45714285714285713,6.0,-11.0,18.0,29.0,16.0,0.4444444444444444,8.0,-12.0,18.0,30.0,17.0,0.4358974358974359,8.0,-12.0,19.0,31.0,18.0,0.42857142857142855,7.0,-12.0,19.0,31.0
2008/2009,FC Vaduz,0.0,0.0,0.0,0.0,0.0,0.0,3.0,1.0,4.0,1.0,2.0,1.0,3.0,0.5,7.0,-1.0,2.0,3.0,4.0,0.4444444444444444,6.0,-1.0,2.0,3.0,5.0,0.5,7.0,-1.0,3.0,4.0,5.0,0.38461538461538464,7.0,-5.0,3.0,8.0,5.0,0.3333333333333333,9.0,-6.0,4.0,10.0,6.0,0.3333333333333333,9.0,-6.0,4.0,10.0,7.0,0.3333333333333333,8.0,-6.0,6.0,12.0,7.0,0.2916666666666667,8.0,-12.0,7.0,19.0,10.0,0.4166666666666667,8.0,-11.0,8.0,19.0,10.0,0.4,8.0,-15.0,8.0,23.0,11.0,0.39285714285714285,8.0,-15.0,8.0,23.0,11.0,0.3548387096774194,8.0,-18.0,8.0,26.0,11.0,0.3235294117647059,9.0,-20.0,8.0,28.0,11.0,0.3142857142857143,9.0,-22.0,9.0,31.0,11.0,0.3055555555555556,9.0,-23.0,9.0,32.0,14.0,0.358974358974359,9.0,-22.0,10.0,32.0,14.0,0.3333333333333333,9.0,-23.0,10.0,33.0
2008/2009,FC Zürich,0.0,0.0,0.0,0.0,0.0,0.0,3.0,1.0,5.0,1.0,2.0,1.0,6.0,1.0,3.0,2.0,3.0,1.0,6.0,0.6666666666666666,4.0,1.0,4.0,3.0,9.0,0.9,2.0,2.0,6.0,4.0,10.0,0.7692307692307693,3.0,2.0,8.0,6.0,10.0,0.6666666666666666,3.0,-1.0,9.0,10.0,13.0,0.7222222222222222,3.0,1.0,12.0,11.0,16.0,0.7619047619047619,2.0,4.0,15.0,11.0,19.0,0.7916666666666666,2.0,10.0,22.0,12.0,22.0,0.9166666666666666,2.0,13.0,25.0,12.0,25.0,1.0,1.0,16.0,28.0,12.0,28.0,1.0,1.0,20.0,32.0,12.0,29.0,0.9354838709677419,2.0,20.0,34.0,14.0,32.0,0.9411764705882353,2.0,21.0,36.0,15.0,33.0,0.9428571428571428,2.0,21.0,37.0,16.0,36.0,1.0,1.0,22.0,38.0,16.0,39.0,1.0,1.0,25.0,41.0,16.0,42.0,1.0,1.0,26.0,42.0,16.0
2008/2009,Grasshopper Club Zürich,0.0,0.0,0.0,0.0,0.0,0.0,3.0,1.0,2.0,2.0,3.0,1.0,3.0,0.5,4.0,1.0,3.0,2.0,6.0,0.6666666666666666,3.0,3.0,6.0,3.0,7.0,0.7,4.0,3.0,7.0,4.0,8.0,0.6153846153846154,4.0,3.0,9.0,6.0,9.0,0.6,4.0,3.0,10.0,7.0,12.0,0.6666666666666666,4.0,5.0,14.0,9.0,15.0,0.7142857142857143,3.0,7.0,17.0,10.0,16.0,0.6666666666666666,3.0,7.0,17.0,10.0,17.0,0.7083333333333334,3.0,7.0,18.0,11.0,18.0,0.72,4.0,7.0,19.0,12.0,19.0,0.6785714285714286,4.0,7.0,19.0,12.0,22.0,0.7096774193548387,4.0,10.0,22.0,12.0,22.0,0.6470588235294118,4.0,9.0,23.0,14.0,25.0,0.7142857142857143,4.0,10.0,24.0,14.0,28.0,0.7777777777777778,3.0,13.0,27.0,14.0,28.0,0.717948717948718,4.0,12.0,27.0,15.0,28.0,0.6666666666666666,4.0,11.0,27.0,16.0
2008/2009,Neuchâtel Xamax FC,0.0,0.0,0.0,0.0,0.0,0.0,0.0,0.0,8.0,-1.0,1.0,2.0,3.0,0.5,5.0,0.0,3.0,3.0,6.0,0.6666666666666666,5.0,1.0,4.0,3.0,7.0,0.7,5.0,1.0,4.0,3.0,7.0,0.5384615384615384,5.0,0.0,5.0,5.0,8.0,0.5333333333333333,6.0,0.0,6.0,6.0,8.0,0.4444444444444444,7.0,-1.0,9.0,10.0,9.0,0.42857142857142855,6.0,-1.0,11.0,12.0,10.0,0.4166666666666667,7.0,-1.0,14.0,15.0,10.0,0.4166666666666667,7.0,-4.0,14.0,18.0,11.0,0.44,7.0,-4.0,17.0,21.0,14.0,0.5,6.0,-3.0,18.0,21.0,14.0,0.45161290322580644,6.0,-4.0,19.0,23.0,14.0,0.4117647058823529,6.0,-5.0,21.0,26.0,14.0,0.4,7.0,-6.0,21.0,27.0,17.0,0.4722222222222222,6.0,-4.0,23.0,27.0,17.0,0.4358974358974359,6.0,-5.0,23.0,28.0,18.0,0.42857142857142855,6.0,-5.0,23.0,28.0
2009/2010,AC Bellinzona,0.0,0.0,0.0,0.0,0.0,0.0,1.0,0.3333333333333333,5.0,0.0,1.0,1.0,1.0,0.25,9.0,-1.0,2.0,3.0,1.0,0.14285714285714285,10.0,-4.0,3.0,7.0,4.0,0.4,8.0,-1.0,7.0,8.0,4.0,0.3076923076923077,8.0,-3.0,9.0,12.0,5.0,0.3125,9.0,-3.0,10.0,13.0,6.0,0.3157894736842105,9.0,-3.0,10.0,13.0,6.0,0.2727272727272727,9.0,-5.0,11.0,16.0,6.0,0.2727272727272727,9.0,-6.0,13.0,19.0,6.0,0.24,9.0,-9.0,14.0,23.0,6.0,0.21428571428571427,9.0,-11.0,14.0,25.0,9.0,0.2903225806451613,9.0,-10.0,17.0,27.0,12.0,0.3870967741935484,9.0,-9.0,19.0,28.0,12.0,0.35294117647058826,9.0,-15.0,20.0,35.0,12.0,0.34285714285714286,9.0,-20.0,20.0,40.0,12.0,0.34285714285714286,9.0,-27.0,20.0,47.0,15.0,0.39473684210526316,9.0,-25.0,23.0,48.0,15.0,0.36585365853658536,9.0,-26.0,25.0,51.0
2009/2010,BSC Young Boys,0.0,0.0,0.0,0.0,0.0,0.0,3.0,1.0,3.0,1.0,3.0,2.0,4.0,1.0,3.0,1.0,4.0,3.0,7.0,1.0,1.0,4.0,7.0,3.0,10.0,1.0,1.0,6.0,9.0,3.0,13.0,1.0,1.0,8.0,13.0,5.0,16.0,1.0,1.0,9.0,15.0,6.0,19.0,1.0,1.0,11.0,18.0,7.0,22.0,1.0,1.0,12.0,20.0,8.0,22.0,1.0,1.0,9.0,20.0,11.0,25.0,1.0,1.0,12.0,23.0,11.0,28.0,1.0,1.0,13.0,26.0,13.0,31.0,1.0,1.0,17.0,30.0,13.0,31.0,1.0,1.0,16.0,31.0,15.0,34.0,1.0,1.0,22.0,38.0,16.0,35.0,1.0,1.0,22.0,39.0,17.0,35.0,1.0,1.0,20.0,40.0,20.0,38.0,1.0,1.0,22.0,42.0,20.0,41.0,1.0,1.0,23.0,43.0,20.0
2009/2010,FC Aarau,0.0,0.0,0.0,0.0,0.0,0.0,3.0,1.0,4.0,1.0,1.0,0.0,3.0,0.75,6.0,0.0,2.0,2.0,3.0,0.42857142857142855,9.0,-3.0,2.0,5.0,3.0,0.3,10.0,-6.0,3.0,9.0,4.0,0.3076923076923077,9.0,-6.0,4.0,10.0,4.0,0.25,10.0,-10.0,4.0,14.0,4.0,0.21052631578947367,10.0,-11.0,4.0,15.0,5.0,0.22727272727272727,10.0,-11.0,5.0,16.0,5.0,0.22727272727272727,10.0,-13.0,7.0,20.0,5.0,0.2,10.0,-17.0,7.0,24.0,5.0,0.17857142857142858,10.0,-19.0,7.0,26.0,5.0,0.16129032258064516,10.0,-23.0,7.0,30.0,5.0,0.16129032258064516,10.0,-24.0,8.0,32.0,6.0,0.17647058823529413,10.0,-24.0,8.0,32.0,7.0,0.2,10.0,-24.0,11.0,35.0,7.0,0.2,10.0,-26.0,11.0,37.0,7.0,0.18421052631578946,10.0,-28.0,11.0,39.0,7.0,0.17073170731707318,10.0,-34.0,11.0,45.0
2009/2010,FC Basel,0.0,0.0,0.0,0.0,0.0,0.0,0.0,0.0,10.0,-2.0,0.0,2.0,3.0,0.75,8.0,-1.0,2.0,3.0,6.0,0.8571428571428571,3.0,0.0,4.0,4.0,7.0,0.7,3.0,0.0,5.0,5.0,8.0,0.6153846153846154,4.0,0.0,6.0,6.0,8.0,0.5,7.0,-2.0,7.0,9.0,9.0,0.47368421052631576,6.0,-2.0,9.0,11.0,9.0,0.4090909090909091,7.0,-3.0,10.0,13.0,12.0,0.5454545454545454,7.0,-2.0,13.0,15.0,15.0,0.6,6.0,2.0,17.0,15.0,18.0,0.6428571428571429,4.0,4.0,19.0,15.0,21.0,0.6774193548387096,3.0,9.0,24.0,15.0,24.0,0.7741935483870968,3.0,10.0,29.0,19.0,25.0,0.7352941176470589,3.0,10.0,31.0,21.0,28.0,0.8,2.0,12.0,34.0,22.0,31.0,0.8857142857142857,2.0,15.0,38.0,23.0,31.0,0.8157894736842105,2.0,13.0,38.0,25.0,34.0,0.8292682926829268,2.0,14.0,41.0,27.0
2009/2010,FC Luzern,0.0,0.0,0.0,0.0,0.0,0.0,0.0,0.0,9.0,-2.0,1.0,3.0,3.0,0.75,7.0,-1.0,3.0,4.0,6.0,0.8571428571428571,2.0,0.0,5.0,5.0,7.0,0.7,2.0,0.0,6.0,6.0,10.0,0.7692307692307693,2.0,1.0,8.0,7.0,10.0,0.625,2.0,0.0,9.0,9.0,10.0,0.5263157894736842,4.0,-4.0,9.0,13.0,13.0,0.5909090909090909,2.0,-2.0,12.0,14.0,16.0,0.7272727272727273,2.0,0.0,16.0,16.0,16.0,0.64,3.0,-1.0,17.0,18.0,19.0,0.6785714285714286,3.0,1.0,19.0,18.0,20.0,0.6451612903225806,4.0,1.0,19.0,18.0,20.0,0.6451612903225806,4.0,0.0,23.0,23.0,21.0,0.6176470588235294,4.0,0.0,24.0,24.0,22.0,0.6285714285714286,4.0,0.0,25.0,25.0,25.0,0.7142857142857143,4.0,1.0,26.0,25.0,26.0,0.6842105263157895,4.0,1.0,27.0,26.0,29.0,0.7073170731707317,3.0,7.0,33.0,26.0
2009/2010,FC Sion,0.0,0.0,0.0,0.0,0.0,0.0,3.0,1.0,1.0,2.0,3.0,1.0,3.0,0.75,5.0,0.0,4.0,4.0,3.0,0.42857142857142855,8.0,-1.0,5.0,6.0,6.0,0.6,4.0,1.0,8.0,7.0,7.0,0.5384615384615384,5.0,1.0,9.0,8.0,8.0,0.5,5.0,1.0,12.0,11.0,8.0,0.42105263157894735,7.0,-1.0,13.0,14.0,11.0,0.5,6.0,1.0,16.0,15.0,12.0,0.5454545454545454,6.0,1.0,17.0,16.0,15.0,0.6,5.0,2.0,19.0,17.0,15.0,0.5357142857142857,5.0,1.0,21.0,20.0,15.0,0.4838709677419355,6.0,-4.0,21.0,25.0,18.0,0.5806451612903226,6.0,-3.0,22.0,25.0,19.0,0.5588235294117647,6.0,-3.0,22.0,25.0,20.0,0.5714285714285714,6.0,-3.0,23.0,26.0,23.0,0.6571428571428571,5.0,-1.0,26.0,27.0,23.0,0.6052631578947368,8.0,-3.0,27.0,30.0,26.0,0.6341463414634146,6.0,-2.0,29.0,31.0
2009/2010,FC St. Gallen,0.0,0.0,0.0,0.0,0.0,0.0,3.0,1.0,2.0,2.0,2.0,0.0,4.0,1.0,2.0,2.0,3.0,1.0,5.0,0.7142857142857143,5.0,2.0,4.0,2.0,5.0,0.5,7.0,1.0,4.0,3.0,8.0,0.6153846153846154,3.0,3.0,7.0,4.0,9.0,0.5625,3.0,3.0,8.0,5.0,12.0,0.631578947368421,2.0,4.0,9.0,5.0,12.0,0.5454545454545454,5.0,2.0,10.0,8.0,13.0,0.5909090909090909,5.0,2.0,11.0,9.0,13.0,0.52,7.0,-2.0,11.0,13.0,13.0,0.4642857142857143,8.0,-3.0,13.0,16.0,13.0,0.41935483870967744,8.0,-5.0,15.0,20.0,13.0,0.41935483870967744,8.0,-7.0,16.0,23.0,16.0,0.47058823529411764,8.0,-6.0,17.0,23.0,19.0,0.5428571428571428,7.0,-1.0,22.0,23.0,22.0,0.6285714285714286,6.0,1.0,24.0,23.0,23.0,0.6052631578947368,7.0,1.0,25.0,24.0,23.0,0.5609756097560976,8.0,0.0,26.0,26.0
2009/2010,FC Zürich,0.0,0.0,0.0,0.0,0.0,0.0,0.0,0.0,7.0,-1.0,2.0,3.0,0.0,0.0,10.0,-4.0,2.0,6.0,3.0,0.42857142857142855,7.0,-1.0,6.0,7.0,6.0,0.6,5.0,0.0,7.0,7.0,7.0,0.5384615384615384,6.0,0.0,8.0,8.0,8.0,0.5,6.0,0.0,11.0,11.0,11.0,0.5789473684210527,3.0,4.0,15.0,11.0,12.0,0.5454545454545454,4.0,4.0,16.0,12.0,15.0,0.6818181818181818,4.0,5.0,20.0,15.0,15.0,0.6,4.0,2.0,20.0,18.0,15.0,0.5357142857142857,6.0,1.0,21.0,20.0,15.0,0.4838709677419355,5.0,0.0,23.0,23.0,18.0,0.5806451612903226,5.0,2.0,26.0,24.0,19.0,0.5588235294117647,5.0,2.0,28.0,26.0,20.0,0.5714285714285714,5.0,2.0,29.0,27.0,20.0,0.5714285714285714,8.0,1.0,29.0,28.0,23.0,0.6052631578947368,6.0,3.0,31.0,28.0,23.0,0.5609756097560976,7.0,2.0,31.0,29.0
2009/2010,Grasshopper Club Zürich,0.0,0.0,0.0,0.0,0.0,0.0,0.0,0.0,8.0,-1.0,0.0,1.0,3.0,0.75,4.0,1.0,3.0,2.0,3.0,0.42857142857142855,6.0,0.0,4.0,4.0,3.0,0.3,9.0,-2.0,4.0,6.0,3.0,0.23076923076923078,10.0,-4.0,5.0,9.0,6.0,0.375,8.0,-2.0,8.0,10.0,7.0,0.3684210526315789,8.0,-2.0,8.0,10.0,7.0,0.3181818181818182,8.0,-4.0,9.0,13.0,7.0,0.3181818181818182,8.0,-5.0,12.0,17.0,10.0,0.4,8.0,-1.0,16.0,17.0,13.0,0.4642857142857143,7.0,0.0,19.0,19.0,14.0,0.45161290322580644,7.0,0.0,19.0,19.0,17.0,0.5483870967741935,7.0,1.0,21.0,20.0,17.0,0.5,7.0,0.0,21.0,21.0,17.0,0.4857142857142857,8.0,-2.0,22.0,24.0,20.0,0.5714285714285714,7.0,5.0,29.0,24.0,23.0,0.6052631578947368,5.0,6.0,30.0,24.0,26.0,0.6341463414634146,5.0,7.0,31.0,24.0
2009/2010,Neuchâtel Xamax FC,0.0,0.0,0.0,0.0,0.0,0.0,1.0,0.3333333333333333,6.0,0.0,1.0,1.0,4.0,1.0,1.0,3.0,4.0,1.0,5.0,0.7142857142857143,4.0,3.0,5.0,2.0,5.0,0.5,6.0,1.0,6.0,5.0,5.0,0.38461538461538464,7.0,0.0,7.0,7.0,8.0,0.5,4.0,4.0,11.0,7.0,9.0,0.47368421052631576,5.0,4.0,13.0,9.0,12.0,0.5454545454545454,3.0,6.0,16.0,10.0,15.0,0.6818181818181818,3.0,9.0,19.0,10.0,18.0,0.72,2.0,12.0,23.0,11.0,21.0,0.75,2.0,13.0,25.0,12.0,24.0,0.7741935483870968,2.0,15.0,29.0,14.0,24.0,0.7741935483870968,2.0,14.0,29.0,15.0,25.0,0.7352941176470589,2.0,14.0,30.0,16.0,26.0,0.7428571428571429,3.0,14.0,33.0,19.0,26.0,0.7428571428571429,3.0,11.0,34.0,23.0,26.0,0.6842105263157895,3.0,10.0,34.0,24.0,26.0,0.6341463414634146,4.0,9.0,34.0,25.0
2010/2011,AC Bellinzona,0.0,0.0,0.0,0.0,0.0,0.0,0.0,0.0,9.0,-2.0,0.0,2.0,0.0,0.0,10.0,-3.0,2.0,5.0,3.0,0.3333333333333333,6.0,-2.0,4.0,6.0,6.0,0.6666666666666666,6.0,-1.0,5.0,6.0,7.0,0.7,6.0,-1.0,7.0,8.0,10.0,0.7692307692307693,4.0,0.0,9.0,9.0,11.0,0.7857142857142857,6.0,0.0,10.0,10.0,11.0,0.6470588235294118,6.0,-4.0,12.0,16.0,12.0,0.6666666666666666,7.0,-4.0,14.0,18.0,13.0,0.6190476190476191,7.0,-4.0,15.0,19.0,13.0,0.5416666666666666,7.0,-6.0,16.0,22.0,14.0,0.5833333333333334,8.0,-6.0,17.0,23.0,14.0,0.56,8.0,-8.0,18.0,26.0,14.0,0.5384615384615384,8.0,-9.0,19.0,28.0,15.0,0.5357142857142857,9.0,-9.0,22.0,31.0,18.0,0.6206896551724138,7.0,-8.0,25.0,33.0,18.0,0.5625,8.0,-11.0,25.0,36.0,19.0,0.5757575757575758,7.0,-11.0,25.0,36.0
2010/2011,BSC Young Boys,0.0,0.0,0.0,0.0,0.0,0.0,1.0,0.3333333333333333,4.0,0.0,1.0,1.0,2.0,0.3333333333333333,7.0,0.0,2.0,2.0,2.0,0.2222222222222222,8.0,-1.0,3.0,4.0,5.0,0.5555555555555556,7.0,0.0,5.0,5.0,5.0,0.5,7.0,-1.0,5.0,6.0,8.0,0.6153846153846154,7.0,0.0,6.0,6.0,8.0,0.5714285714285714,7.0,-2.0,6.0,8.0,9.0,0.5294117647058824,7.0,-2.0,8.0,10.0,12.0,0.6666666666666666,6.0,-1.0,10.0,11.0,13.0,0.6190476190476191,6.0,-1.0,12.0,13.0,13.0,0.5416666666666666,6.0,-3.0,12.0,15.0,14.0,0.5833333333333334,6.0,-3.0,13.0,16.0,17.0,0.68,5.0,-2.0,14.0,16.0,20.0,0.7692307692307693,5.0,0.0,18.0,18.0,21.0,0.75,5.0,0.0,20.0,20.0,24.0,0.8275862068965517,4.0,1.0,22.0,21.0,24.0,0.75,5.0,-1.0,23.0,24.0,25.0,0.7575757575757576,5.0,-1.0,24.0,25.0
2010/2011,FC Basel,0.0,0.0,0.0,0.0,0.0,0.0,3.0,1.0,3.0,1.0,3.0,2.0,6.0,1.0,1.0,2.0,5.0,3.0,9.0,1.0,1.0,5.0,8.0,3.0,9.0,1.0,1.0,4.0,8.0,4.0,9.0,0.9,3.0,1.0,9.0,8.0,10.0,0.7692307692307693,3.0,1.0,10.0,9.0,13.0,0.9285714285714286,2.0,4.0,14.0,10.0,14.0,0.8235294117647058,4.0,4.0,16.0,12.0,15.0,0.8333333333333334,4.0,4.0,18.0,14.0,18.0,0.8571428571428571,2.0,7.0,22.0,15.0,19.0,0.7916666666666666,2.0,7.0,23.0,16.0,22.0,0.9166666666666666,2.0,9.0,26.0,17.0,25.0,1.0,1.0,11.0,29.0,18.0,26.0,1.0,1.0,11.0,30.0,19.0,26.0,0.9285714285714286,2.0,9.0,31.0,22.0,29.0,1.0,2.0,10.0,33.0,23.0,32.0,1.0,2.0,12.0,36.0,24.0,32.0,0.9696969696969697,2.0,11.0,37.0,26.0
2010/2011,FC Luzern,0.0,0.0,0.0,0.0,0.0,0.0,3.0,1.0,1.0,4.0,4.0,0.0,4.0,0.6666666666666666,2.0,4.0,5.0,1.0,7.0,0.7777777777777778,2.0,6.0,9.0,3.0,7.0,0.7777777777777778,3.0,5.0,11.0,6.0,10.0,1.0,1.0,8.0,15.0,7.0,13.0,1.0,1.0,11.0,18.0,7.0,14.0,1.0,1.0,11.0,19.0,8.0,17.0,1.0,1.0,15.0,25.0,10.0,18.0,1.0,1.0,15.0,27.0,12.0,21.0,1.0,1.0,16.0,29.0,13.0,24.0,1.0,1.0,18.0,31.0,13.0,24.0,1.0,1.0,17.0,32.0,15.0,24.0,0.96,2.0,14.0,33.0,19.0,25.0,0.9615384615384616,2.0,14.0,34.0,20.0,28.0,1.0,1.0,15.0,37.0,22.0,29.0,1.0,1.0,15.0,38.0,23.0,32.0,1.0,1.0,18.0,41.0,23.0,33.0,1.0,1.0,18.0,42.0,24.0
2010/2011,FC Sion,0.0,0.0,0.0,0.0,0.0,0.0,3.0,1.0,2.0,2.0,2.0,0.0,3.0,0.5,5.0,1.0,3.0,2.0,4.0,0.4444444444444444,5.0,1.0,4.0,3.0,7.0,0.7777777777777778,5.0,2.0,7.0,5.0,8.0,0.8,5.0,2.0,8.0,6.0,9.0,0.6923076923076923,5.0,2.0,9.0,7.0,12.0,0.8571428571428571,3.0,4.0,11.0,7.0,15.0,0.8823529411764706,2.0,8.0,15.0,7.0,15.0,0.8333333333333334,2.0,7.0,16.0,9.0,16.0,0.7619047619047619,3.0,7.0,17.0,10.0,17.0,0.7083333333333334,4.0,7.0,18.0,11.0,18.0,0.75,4.0,7.0,19.0,12.0,21.0,0.84,4.0,10.0,23.0,13.0,21.0,0.8076923076923077,4.0,9.0,23.0,14.0,21.0,0.75,4.0,7.0,23.0,16.0,21.0,0.7241379310344828,5.0,6.0,24.0,18.0,24.0,0.75,4.0,8.0,26.0,18.0,27.0,0.8181818181818182,4.0,11.0,29.0,18.0
2010/2011,FC St. Gallen,0.0,0.0,0.0,0.0,0.0,0.0,0.0,0.0,10.0,-4.0,0.0,4.0,3.0,0.5,6.0,-3.0,3.0,6.0,3.0,0.3333333333333333,7.0,-6.0,3.0,9.0,3.0,0.3333333333333333,8.0,-9.0,3.0,12.0,3.0,0.3,10.0,-10.0,4.0,14.0,4.0,0.3076923076923077,10.0,-10.0,5.0,15.0,4.0,0.2857142857142857,10.0,-12.0,6.0,18.0,7.0,0.4117647058823529,8.0,-11.0,7.0,18.0,7.0,0.3888888888888889,10.0,-12.0,8.0,20.0,7.0,0.3333333333333333,10.0,-13.0,9.0,22.0,10.0,0.4166666666666667,9.0,-11.0,12.0,23.0,10.0,0.4166666666666667,9.0,-13.0,13.0,26.0,13.0,0.52,9.0,-12.0,15.0,27.0,13.0,0.5,9.0,-14.0,15.0,29.0,16.0,0.5714285714285714,7.0,-12.0,17.0,29.0,16.0,0.5517241379310345,8.0,-15.0,17.0,32.0,16.0,0.5,9.0,-17.0,17.0,34.0,17.0,0.5151515151515151,9.0,-17.0,18.0,35.0
2010/2011,FC Thun,0.0,0.0,0.0,0.0,0.0,0.0,1.0,0.3333333333333333,5.0,0.0,1.0,1.0,4.0,0.6666666666666666,3.0,1.0,4.0,3.0,5.0,0.5555555555555556,3.0,1.0,6.0,5.0,8.0,0.8888888888888888,2.0,4.0,9.0,5.0,9.0,0.9,2.0,4.0,10.0,6.0,10.0,0.7692307692307693,2.0,4.0,11.0,7.0,11.0,0.7857142857142857,4.0,4.0,12.0,8.0,11.0,0.6470588235294118,5.0,2.0,13.0,11.0,12.0,0.6666666666666666,5.0,2.0,15.0,13.0,13.0,0.6190476190476191,5.0,2.0,17.0,15.0,13.0,0.5416666666666666,5.0,1.0,18.0,17.0,14.0,0.5833333333333334,5.0,1.0,18.0,17.0,14.0,0.56,6.0,0.0,19.0,19.0,17.0,0.6538461538461539,6.0,1.0,20.0,19.0,20.0,0.7142857142857143,6.0,3.0,23.0,20.0,21.0,0.7241379310344828,6.0,3.0,24.0,21.0,22.0,0.6875,6.0,3.0,24.0,21.0,23.0,0.696969696969697,6.0,3.0,24.0,21.0
2010/2011,FC Zürich,0.0,0.0,0.0,0.0,0.0,0.0,0.0,0.0,8.0,-1.0,2.0,3.0,3.0,0.5,4.0,1.0,4.0,3.0,4.0,0.4444444444444444,4.0,1.0,5.0,4.0,7.0,0.7777777777777778,4.0,2.0,9.0,7.0,8.0,0.8,4.0,2.0,11.0,9.0,8.0,0.6153846153846154,6.0,1.0,11.0,10.0,11.0,0.7857142857142857,5.0,3.0,14.0,11.0,14.0,0.8235294117647058,3.0,5.0,17.0,12.0,15.0,0.8333333333333334,3.0,5.0,19.0,14.0,15.0,0.7142857142857143,4.0,2.0,20.0,18.0,18.0,0.75,3.0,3.0,22.0,19.0,19.0,0.7916666666666666,3.0,3.0,23.0,20.0,22.0,0.88,3.0,5.0,26.0,21.0,25.0,0.9615384615384616,3.0,6.0,28.0,22.0,26.0,0.9285714285714286,3.0,6.0,30.0,24.0,29.0,1.0,3.0,9.0,33.0,24.0,30.0,0.9375,3.0,9.0,33.0,24.0,31.0,0.9393939393939394,3.0,9.0,34.0,25.0
2010/2011,Grasshopper Club Zürich,0.0,0.0,0.0,0.0,0.0,0.0,1.0,0.3333333333333333,6.0,0.0,1.0,1.0,1.0,0.16666666666666666,9.0,-2.0,1.0,3.0,2.0,0.2222222222222222,9.0,-2.0,3.0,5.0,2.0,0.2222222222222222,9.0,-3.0,4.0,7.0,5.0,0.5,8.0,-2.0,6.0,8.0,5.0,0.38461538461538464,8.0,-5.0,6.0,11.0,6.0,0.42857142857142855,8.0,-5.0,7.0,12.0,6.0,0.35294117647058826,9.0,-9.0,7.0,16.0,7.0,0.3888888888888889,9.0,-9.0,9.0,18.0,8.0,0.38095238095238093,9.0,-9.0,10.0,19.0,8.0,0.3333333333333333,10.0,-10.0,11.0,21.0,9.0,0.375,10.0,-10.0,11.0,21.0,9.0,0.36,10.0,-11.0,11.0,22.0,12.0,0.46153846153846156,10.0,-9.0,13.0,22.0,12.0,0.42857142857142855,10.0,-10.0,15.0,25.0,12.0,0.41379310344827586,10.0,-11.0,17.0,28.0,12.0,0.375,10.0,-13.0,17.0,30.0,15.0,0.45454545454545453,10.0,-12.0,19.0,31.0
2010/2011,Neuchâtel Xamax FC,0.0,0.0,0.0,0.0,0.0,0.0,1.0,0.3333333333333333,7.0,0.0,1.0,1.0,1.0,0.16666666666666666,8.0,-1.0,3.0,4.0,1.0,0.1111111111111111,10.0,-3.0,5.0,8.0,1.0,0.1111111111111111,10.0,-4.0,8.0,12.0,4.0,0.4,9.0,-3.0,9.0,12.0,4.0,0.3076923076923077,9.0,-4.0,10.0,14.0,4.0,0.2857142857142857,9.0,-7.0,11.0,18.0,4.0,0.23529411764705882,10.0,-8.0,11.0,19.0,7.0,0.3888888888888889,8.0,-7.0,13.0,20.0,8.0,0.38095238095238093,8.0,-7.0,14.0,21.0,11.0,0.4583333333333333,8.0,-6.0,16.0,22.0,14.0,0.5833333333333334,7.0,-5.0,18.0,23.0,14.0,0.56,7.0,-7.0,19.0,26.0,14.0,0.5384615384615384,7.0,-9.0,21.0,30.0,15.0,0.5357142857142857,8.0,-9.0,24.0,33.0,15.0,0.5172413793103449,9.0,-10.0,25.0,35.0,18.0,0.5625,7.0,-8.0,27.0,35.0,18.0,0.5454545454545454,8.0,-11.0,27.0,38.0
2011/2012,BSC Young Boys,0.0,0.0,0.0,0.0,0.0,0.0,1.0,0.3333333333333333,4.0,0.0,1.0,1.0,4.0,0.6666666666666666,4.0,1.0,3.0,2.0,5.0,0.7142857142857143,4.0,1.0,4.0,3.0,6.0,0.75,5.0,1.0,5.0,4.0,9.0,0.8181818181818182,2.0,4.0,8.0,4.0,9.0,0.6428571428571429,3.0,2.0,8.0,6.0,9.0,0.6,5.0,1.0,10.0,9.0,12.0,0.6666666666666666,4.0,4.0,13.0,9.0,15.0,0.7142857142857143,3.0,7.0,17.0,10.0,18.0,0.75,2.0,8.0,19.0,11.0,21.0,0.875,2.0,9.0,20.0,11.0,21.0,0.875,3.0,8.0,20.0,12.0,22.0,0.8148148148148148,3.0,8.0,20.0,12.0,25.0,0.8928571428571429,3.0,11.0,24.0,13.0,25.0,0.8064516129032258,3.0,10.0,24.0,14.0,25.0,0.7352941176470589,3.0,9.0,24.0,15.0,26.0,0.7027027027027027,3.0,9.0,25.0,16.0,27.0,0.7105263157894737,3.0,9.0,26.0,17.0
2011/2012,FC Basel,0.0,0.0,0.0,0.0,0.0,0.0,1.0,0.3333333333333333,5.0,0.0,1.0,1.0,4.0,0.6666666666666666,3.0,2.0,3.0,1.0,5.0,0.7142857142857143,3.0,2.0,5.0,3.0,6.0,0.75,4.0,2.0,8.0,6.0,6.0,0.5454545454545454,6.0,1.0,9.0,8.0,6.0,0.42857142857142855,7.0,-1.0,10.0,11.0,9.0,0.6,6.0,0.0,12.0,12.0,12.0,0.6666666666666666,3.0,4.0,16.0,12.0,15.0,0.7142857142857143,2.0,10.0,22.0,12.0,16.0,0.6666666666666666,3.0,10.0,23.0,13.0,19.0,0.7916666666666666,3.0,13.0,26.0,13.0,22.0,0.9166666666666666,2.0,14.0,27.0,13.0,25.0,0.9259259259259259,2.0,15.0,28.0,13.0,28.0,1.0,1.0,18.0,32.0,14.0,31.0,1.0,1.0,19.0,35.0,16.0,34.0,1.0,1.0,20.0,36.0,16.0,37.0,1.0,1.0,21.0,37.0,16.0,38.0,1.0,1.0,21.0,38.0,17.0
2011/2012,FC Lausanne-Sport,0.0,0.0,0.0,0.0,0.0,0.0,0.0,0.0,8.0,-2.0,0.0,2.0,0.0,0.0,8.0,-3.0,0.0,3.0,3.0,0.42857142857142855,7.0,-2.0,2.0,4.0,3.0,0.375,8.0,-4.0,4.0,8.0,3.0,0.2727272727272727,8.0,-7.0,6.0,13.0,3.0,0.21428571428571427,9.0,-9.0,6.0,15.0,4.0,0.26666666666666666,9.0,-9.0,8.0,17.0,4.0,0.2222222222222222,9.0,-12.0,8.0,20.0,4.0,0.19047619047619047,9.0,-18.0,8.0,26.0,5.0,0.20833333333333334,9.0,-18.0,8.0,26.0,5.0,0.20833333333333334,9.0,-19.0,8.0,27.0,8.0,0.3333333333333333,9.0,-18.0,9.0,27.0,8.0,0.2962962962962963,9.0,-20.0,9.0,29.0,8.0,0.2857142857142857,9.0,-23.0,10.0,33.0,8.0,0.25806451612903225,9.0,-24.0,12.0,36.0,8.0,0.23529411764705882,9.0,-27.0,13.0,40.0,8.0,0.21621621621621623,9.0,-29.0,14.0,43.0,11.0,0.2894736842105263,9.0,-28.0,16.0,44.0
2011/2012,FC Luzern,0.0,0.0,0.0,0.0,0.0,0.0,3.0,1.0,1.0,3.0,3.0,0.0,6.0,1.0,2.0,4.0,4.0,0.0,7.0,1.0,2.0,4.0,4.0,0.0,8.0,1.0,1.0,4.0,5.0,1.0,9.0,0.8181818181818182,3.0,4.0,6.0,2.0,12.0,0.8571428571428571,2.0,6.0,9.0,3.0,15.0,1.0,1.0,7.0,10.0,3.0,18.0,1.0,1.0,9.0,13.0,4.0,21.0,1.0,1.0,11.0,15.0,4.0,24.0,1.0,1.0,13.0,17.0,4.0,24.0,1.0,1.0,12.0,17.0,5.0,24.0,1.0,1.0,11.0,18.0,7.0,27.0,1.0,1.0,13.0,20.0,7.0,28.0,1.0,2.0,13.0,21.0,8.0,28.0,0.9032258064516129,2.0,11.0,22.0,11.0,31.0,0.9117647058823529,2.0,12.0,24.0,12.0,31.0,0.8378378378378378,2.0,11.0,24.0,13.0,31.0,0.8157894736842105,2.0,10.0,25.0,15.0
2011/2012,FC Sion,0.0,0.0,0.0,0.0,0.0,0.0,-33.0,-11.0,10.0,1.0,1.0,0.0,-33.0,-5.5,10.0,0.0,2.0,2.0,-30.0,-4.285714285714286,10.0,3.0,5.0,2.0,-29.0,-3.625,10.0,3.0,8.0,5.0,-28.0,-2.5454545454545454,10.0,3.0,9.0,6.0,-25.0,-1.7857142857142858,10.0,5.0,11.0,6.0,-25.0,-1.6666666666666667,10.0,1.0,11.0,10.0,-22.0,-1.2222222222222223,10.0,4.0,14.0,10.0,-19.0,-0.9047619047619048,10.0,6.0,16.0,10.0,-19.0,-0.7916666666666666,10.0,4.0,16.0,12.0,-16.0,-0.6666666666666666,10.0,5.0,17.0,12.0,-13.0,-0.5416666666666666,10.0,7.0,19.0,12.0,-13.0,-0.48148148148148145,10.0,6.0,19.0,13.0,-10.0,-0.35714285714285715,10.0,8.0,21.0,13.0,-10.0,-0.3225806451612903,10.0,7.0,22.0,15.0,-7.0,-0.20588235294117646,10.0,9.0,24.0,15.0,-6.0,-0.16216216216216217,10.0,9.0,25.0,16.0,-5.0,-0.13157894736842105,10.0,9.0,26.0,17.0
2011/2012,FC Thun,0.0,0.0,0.0,0.0,0.0,0.0,3.0,1.0,3.0,1.0,2.0,1.0,6.0,1.0,1.0,4.0,5.0,1.0,7.0,1.0,1.0,4.0,5.0,1.0,8.0,1.0,2.0,4.0,5.0,1.0,11.0,1.0,1.0,7.0,10.0,3.0,14.0,1.0,1.0,9.0,12.0,3.0,14.0,0.9333333333333333,2.0,8.0,13.0,5.0,14.0,0.7777777777777778,2.0,5.0,13.0,8.0,15.0,0.7142857142857143,4.0,5.0,13.0,8.0,16.0,0.6666666666666666,4.0,5.0,14.0,9.0,16.0,0.6666666666666666,4.0,1.0,14.0,13.0,16.0,0.6666666666666666,5.0,0.0,14.0,14.0,16.0,0.5925925925925926,5.0,-2.0,14.0,16.0,16.0,0.5714285714285714,6.0,-4.0,14.0,18.0,19.0,0.6129032258064516,6.0,-2.0,17.0,19.0,22.0,0.6470588235294118,4.0,1.0,20.0,19.0,22.0,0.5945945945945946,5.0,0.0,20.0,20.0,23.0,0.6052631578947368,6.0,0.0,21.0,21.0
2011/2012,FC Zürich,0.0,0.0,0.0,0.0,0.0,0.0,0.0,0.0,7.0,-1.0,0.0,1.0,0.0,0.0,7.0,-2.0,2.0,4.0,0.0,0.0,8.0,-3.0,3.0,6.0,3.0,0.375,7.0,3.0,9.0,6.0,6.0,0.5454545454545454,5.0,4.0,11.0,7.0,6.0,0.42857142857142855,6.0,2.0,11.0,9.0,9.0,0.6,4.0,3.0,14.0,11.0,9.0,0.5,6.0,1.0,15.0,14.0,10.0,0.47619047619047616,6.0,1.0,15.0,14.0,10.0,0.4166666666666667,7.0,0.0,16.0,16.0,10.0,0.4166666666666667,7.0,-3.0,16.0,19.0,10.0,0.4166666666666667,8.0,-4.0,16.0,20.0,13.0,0.48148148148148145,7.0,-2.0,18.0,20.0,14.0,0.5,7.0,-2.0,19.0,21.0,14.0,0.45161290322580644,8.0,-4.0,20.0,24.0,17.0,0.5,7.0,-1.0,24.0,25.0,20.0,0.5405405405405406,7.0,0.0,25.0,25.0,21.0,0.5526315789473685,7.0,0.0,26.0,26.0
2011/2012,Grasshopper Club Zürich,0.0,0.0,0.0,0.0,0.0,0.0,3.0,1.0,2.0,2.0,2.0,0.0,3.0,0.5,6.0,-1.0,2.0,3.0,4.0,0.5714285714285714,6.0,-1.0,4.0,5.0,4.0,0.5,6.0,-7.0,4.0,11.0,4.0,0.36363636363636365,7.0,-10.0,4.0,14.0,7.0,0.5,5.0,-9.0,8.0,17.0,7.0,0.4666666666666667,7.0,-10.0,8.0,18.0,7.0,0.3888888888888889,8.0,-12.0,8.0,20.0,7.0,0.3333333333333333,8.0,-14.0,8.0,22.0,7.0,0.2916666666666667,8.0,-15.0,8.0,23.0,10.0,0.4166666666666667,8.0,-12.0,11.0,23.0,13.0,0.5416666666666666,6.0,-11.0,12.0,23.0,13.0,0.48148148148148145,8.0,-14.0,13.0,27.0,13.0,0.4642857142857143,8.0,-17.0,14.0,31.0,16.0,0.5161290322580645,7.0,-16.0,16.0,32.0,16.0,0.47058823529411764,8.0,-17.0,17.0,34.0,19.0,0.5135135135135135,8.0,-16.0,18.0,34.0,19.0,0.5,8.0,-17.0,19.0,36.0
2011/2012,Neuchâtel Xamax FC,0.0,0.0,0.0,0.0,0.0,0.0,0.0,0.0,9.0,-3.0,0.0,3.0,0.0,0.0,9.0,-5.0,0.0,5.0,0.0,0.0,9.0,-8.0,0.0,8.0,1.0,0.125,9.0,-8.0,0.0,8.0,2.0,0.18181818181818182,9.0,-8.0,0.0,8.0,5.0,0.35714285714285715,8.0,-6.0,2.0,8.0,6.0,0.4,8.0,-6.0,4.0,10.0,9.0,0.5,7.0,-4.0,6.0,10.0,9.0,0.42857142857142855,7.0,-7.0,7.0,14.0,12.0,0.5,6.0,-6.0,8.0,14.0,15.0,0.625,5.0,-2.0,12.0,14.0,18.0,0.75,4.0,-1.0,14.0,15.0,19.0,0.7037037037037037,4.0,-1.0,14.0,15.0,19.0,0.6785714285714286,4.0,-2.0,15.0,17.0,22.0,0.7096774193548387,4.0,0.0,18.0,18.0,22.0,0.6470588235294118,5.0,-2.0,18.0,20.0,25.0,0.6756756756756757,4.0,0.0,21.0,21.0,26.0,0.6842105263157895,4.0,0.0,22.0,22.0
2011/2012,Servette Genève,0.0,0.0,0.0,0.0,0.0,0.0,0.0,0.0,6.0,-1.0,1.0,2.0,3.0,0.5,5.0,0.0,4.0,4.0,4.0,0.5714285714285714,5.0,0.0,5.0,5.0,7.0,0.875,3.0,2.0,9.0,7.0,8.0,0.7272727272727273,4.0,2.0,9.0,7.0,8.0,0.5714285714285714,4.0,1.0,12.0,11.0,11.0,0.7333333333333333,3.0,5.0,16.0,11.0,11.0,0.6111111111111112,5.0,1.0,16.0,15.0,11.0,0.5238095238095238,5.0,-1.0,16.0,17.0,12.0,0.5,5.0,-1.0,16.0,17.0,12.0,0.5,6.0,-4.0,16.0,20.0,12.0,0.5,7.0,-6.0,16.0,22.0,15.0,0.5555555555555556,6.0,-3.0,20.0,23.0,18.0,0.6428571428571429,5.0,-2.0,22.0,24.0,21.0,0.6774193548387096,5.0,-1.0,23.0,24.0,21.0,0.6176470588235294,6.0,-4.0,23.0,27.0,21.0,0.5675675675675675,6.0,-5.0,23.0,28.0,24.0,0.631578947368421,5.0,-4.0,25.0,29.0
2012/2013,BSC Young Boys,0.0,0.0,0.0,0.0,0.0,0.0,1.0,0.3333333333333333,3.0,0.0,1.0,1.0,1.0,0.16666666666666666,7.0,-1.0,1.0,2.0,4.0,0.4444444444444444,5.0,2.0,4.0,2.0,5.0,0.5,5.0,2.0,5.0,3.0,8.0,0.6153846153846154,4.0,5.0,9.0,4.0,8.0,0.5,5.0,4.0,9.0,5.0,9.0,0.5625,5.0,4.0,9.0,5.0,12.0,0.6666666666666666,5.0,5.0,11.0,6.0,13.0,0.6190476190476191,5.0,5.0,12.0,7.0,13.0,0.5416666666666666,5.0,4.0,13.0,9.0,16.0,0.6153846153846154,5.0,8.0,19.0,11.0,17.0,0.5862068965517241,5.0,8.0,20.0,12.0,17.0,0.53125,5.0,7.0,22.0,15.0,20.0,0.625,5.0,8.0,24.0,16.0,20.0,0.6060606060606061,5.0,6.0,24.0,18.0,21.0,0.6363636363636364,5.0,6.0,24.0,18.0,21.0,0.6176470588235294,5.0,5.0,25.0,20.0,24.0,0.6486486486486487,5.0,7.0,28.0,21.0
2012/2013,FC Basel,0.0,0.0,0.0,0.0,0.0,0.0,3.0,1.0,2.0,1.0,1.0,0.0,4.0,0.6666666666666666,3.0,1.0,3.0,2.0,5.0,0.5555555555555556,3.0,1.0,5.0,4.0,6.0,0.6,4.0,1.0,6.0,5.0,9.0,0.6923076923076923,2.0,3.0,9.0,6.0,12.0,0.75,2.0,5.0,11.0,6.0,12.0,0.75,4.0,4.0,12.0,8.0,13.0,0.7222222222222222,4.0,4.0,12.0,8.0,14.0,0.6666666666666666,4.0,4.0,13.0,9.0,17.0,0.7083333333333334,4.0,7.0,17.0,10.0,18.0,0.6923076923076923,4.0,7.0,18.0,11.0,21.0,0.7241379310344828,4.0,8.0,21.0,13.0,21.0,0.65625,4.0,7.0,21.0,14.0,24.0,0.75,4.0,8.0,23.0,15.0,27.0,0.8181818181818182,4.0,10.0,25.0,15.0,30.0,0.9090909090909091,4.0,14.0,29.0,15.0,30.0,0.8823529411764706,4.0,13.0,31.0,18.0,33.0,0.8918918918918919,2.0,14.0,32.0,18.0
2012/2013,FC Lausanne-Sport,0.0,0.0,0.0,0.0,0.0,0.0,1.0,0.3333333333333333,7.0,0.0,0.0,0.0,1.0,0.16666666666666666,8.0,-1.0,0.0,1.0,4.0,0.4444444444444444,4.0,3.0,5.0,2.0,4.0,0.4,8.0,-1.0,5.0,6.0,4.0,0.3076923076923077,8.0,-3.0,5.0,8.0,4.0,0.25,8.0,-5.0,5.0,10.0,5.0,0.3125,9.0,-5.0,5.0,10.0,5.0,0.2777777777777778,9.0,-7.0,5.0,12.0,8.0,0.38095238095238093,8.0,-6.0,6.0,12.0,11.0,0.4583333333333333,7.0,-5.0,7.0,12.0,12.0,0.46153846153846156,7.0,-5.0,8.0,13.0,12.0,0.41379310344827586,7.0,-6.0,9.0,15.0,12.0,0.375,9.0,-8.0,9.0,17.0,13.0,0.40625,8.0,-8.0,10.0,18.0,14.0,0.42424242424242425,8.0,-8.0,11.0,19.0,17.0,0.5151515151515151,7.0,-5.0,14.0,19.0,20.0,0.5882352941176471,6.0,-4.0,16.0,20.0,21.0,0.5675675675675675,6.0,-4.0,16.0,20.0
2012/2013,FC Luzern,0.0,0.0,0.0,0.0,0.0,0.0,1.0,0.3333333333333333,4.0,0.0,1.0,1.0,2.0,0.3333333333333333,6.0,0.0,3.0,3.0,2.0,0.2222222222222222,8.0,-3.0,3.0,6.0,2.0,0.2,9.0,-4.0,4.0,8.0,3.0,0.23076923076923078,9.0,-4.0,5.0,9.0,3.0,0.1875,9.0,-6.0,5.0,11.0,6.0,0.375,8.0,-4.0,7.0,11.0,6.0,0.3333333333333333,8.0,-5.0,8.0,13.0,6.0,0.2857142857142857,9.0,-6.0,8.0,14.0,6.0,0.25,9.0,-8.0,8.0,16.0,9.0,0.34615384615384615,9.0,-7.0,10.0,17.0,9.0,0.3103448275862069,9.0,-8.0,12.0,20.0,12.0,0.375,8.0,-7.0,13.0,20.0,12.0,0.375,9.0,-8.0,14.0,22.0,13.0,0.3939393939393939,9.0,-8.0,15.0,23.0,16.0,0.48484848484848486,8.0,-6.0,17.0,23.0,17.0,0.5,8.0,-6.0,18.0,24.0,18.0,0.4864864864864865,7.0,-6.0,18.0,24.0
2012/2013,FC Sion,0.0,0.0,0.0,0.0,0.0,0.0,3.0,1.0,1.0,2.0,2.0,0.0,6.0,1.0,1.0,3.0,3.0,0.0,9.0,1.0,1.0,6.0,6.0,0.0,10.0,1.0,1.0,6.0,7.0,1.0,13.0,1.0,1.0,8.0,9.0,1.0,16.0,1.0,1.0,9.0,10.0,1.0,16.0,1.0,1.0,8.0,10.0,2.0,16.0,0.8888888888888888,3.0,5.0,10.0,5.0,19.0,0.9047619047619048,3.0,6.0,12.0,6.0,19.0,0.7916666666666666,3.0,3.0,13.0,10.0,20.0,0.7692307692307693,3.0,3.0,15.0,12.0,23.0,0.7931034482758621,3.0,4.0,18.0,14.0,24.0,0.75,3.0,4.0,19.0,15.0,25.0,0.78125,3.0,4.0,20.0,16.0,28.0,0.8484848484848485,3.0,7.0,23.0,16.0,31.0,0.9393939393939394,3.0,9.0,25.0,16.0,32.0,0.9411764705882353,3.0,9.0,26.0,17.0,32.0,0.8648648648648649,4.0,7.0,27.0,20.0
2012/2013,FC St. Gallen,0.0,0.0,0.0,0.0,0.0,0.0,1.0,0.3333333333333333,5.0,0.0,1.0,1.0,4.0,0.6666666666666666,4.0,1.0,2.0,1.0,7.0,0.7777777777777778,2.0,3.0,5.0,2.0,8.0,0.8,2.0,3.0,6.0,3.0,9.0,0.6923076923076923,3.0,3.0,7.0,4.0,12.0,0.75,3.0,4.0,8.0,4.0,15.0,0.9375,2.0,5.0,10.0,5.0,18.0,1.0,1.0,8.0,13.0,5.0,21.0,1.0,1.0,10.0,15.0,5.0,24.0,1.0,1.0,12.0,17.0,5.0,24.0,0.9230769230769231,2.0,11.0,17.0,6.0,27.0,0.9310344827586207,2.0,12.0,19.0,7.0,28.0,0.875,2.0,12.0,20.0,8.0,31.0,0.96875,2.0,13.0,21.0,8.0,31.0,0.9393939393939394,2.0,10.0,21.0,11.0,32.0,0.9696969696969697,2.0,10.0,21.0,11.0,33.0,0.9705882352941176,2.0,10.0,22.0,12.0,33.0,0.8918918918918919,3.0,9.0,22.0,13.0
2012/2013,FC Thun,0.0,0.0,0.0,0.0,0.0,0.0,1.0,0.3333333333333333,8.0,0.0,0.0,0.0,4.0,0.6666666666666666,2.0,2.0,2.0,0.0,4.0,0.4444444444444444,7.0,-1.0,2.0,3.0,7.0,0.7,3.0,0.0,4.0,4.0,7.0,0.5384615384615384,6.0,-2.0,5.0,7.0,7.0,0.4375,6.0,-3.0,5.0,8.0,7.0,0.4375,7.0,-4.0,5.0,9.0,10.0,0.5555555555555556,6.0,-1.0,8.0,9.0,10.0,0.47619047619047616,6.0,-2.0,9.0,11.0,13.0,0.5416666666666666,6.0,-1.0,11.0,12.0,13.0,0.5,6.0,-2.0,12.0,14.0,13.0,0.4482758620689655,6.0,-3.0,14.0,17.0,14.0,0.4375,6.0,-3.0,15.0,18.0,14.0,0.4375,6.0,-4.0,15.0,19.0,14.0,0.42424242424242425,7.0,-7.0,16.0,23.0,14.0,0.42424242424242425,9.0,-10.0,16.0,26.0,17.0,0.5,9.0,-9.0,19.0,28.0,18.0,0.4864864864864865,8.0,-9.0,19.0,28.0
2012/2013,FC Zürich,0.0,0.0,0.0,0.0,0.0,0.0,1.0,0.3333333333333333,6.0,0.0,1.0,1.0,1.0,0.16666666666666666,9.0,-2.0,1.0,3.0,1.0,0.1111111111111111,9.0,-4.0,2.0,6.0,4.0,0.4,7.0,0.0,6.0,6.0,4.0,0.3076923076923077,7.0,-3.0,7.0,10.0,5.0,0.3125,7.0,-3.0,8.0,11.0,8.0,0.5,6.0,-2.0,9.0,11.0,9.0,0.5,7.0,-2.0,9.0,11.0,9.0,0.42857142857142855,7.0,-3.0,9.0,12.0,9.0,0.375,8.0,-5.0,9.0,14.0,10.0,0.38461538461538464,8.0,-5.0,11.0,16.0,11.0,0.3793103448275862,8.0,-5.0,12.0,17.0,14.0,0.4375,7.0,-3.0,14.0,17.0,14.0,0.4375,7.0,-4.0,15.0,19.0,17.0,0.5151515151515151,6.0,-1.0,19.0,20.0,17.0,0.5151515151515151,6.0,-3.0,19.0,22.0,17.0,0.5,7.0,-5.0,19.0,24.0,17.0,0.4594594594594595,9.0,-6.0,19.0,25.0
2012/2013,Grasshopper Club Zürich,0.0,0.0,0.0,0.0,0.0,0.0,0.0,0.0,10.0,-2.0,0.0,2.0,3.0,0.5,5.0,-1.0,1.0,2.0,4.0,0.4444444444444444,6.0,-1.0,3.0,4.0,5.0,0.5,6.0,-1.0,4.0,5.0,8.0,0.6153846153846154,5.0,0.0,5.0,5.0,11.0,0.6875,4.0,2.0,7.0,5.0,14.0,0.875,3.0,3.0,8.0,5.0,17.0,0.9444444444444444,2.0,5.0,10.0,5.0,20.0,0.9523809523809523,2.0,6.0,11.0,5.0,23.0,0.9583333333333334,2.0,8.0,13.0,5.0,26.0,1.0,1.0,9.0,14.0,5.0,29.0,1.0,1.0,10.0,17.0,7.0,32.0,1.0,1.0,11.0,20.0,9.0,32.0,1.0,1.0,9.0,20.0,11.0,33.0,1.0,1.0,9.0,21.0,12.0,33.0,1.0,1.0,5.0,21.0,16.0,34.0,1.0,1.0,5.0,22.0,17.0,37.0,1.0,1.0,6.0,23.0,17.0
2012/2013,Servette Genève,0.0,0.0,0.0,0.0,0.0,0.0,0.0,0.0,9.0,-1.0,0.0,1.0,0.0,0.0,10.0,-2.0,0.0,2.0,0.0,0.0,10.0,-6.0,1.0,7.0,1.0,0.1,10.0,-6.0,2.0,8.0,1.0,0.07692307692307693,10.0,-7.0,2.0,9.0,2.0,0.125,10.0,-7.0,3.0,10.0,2.0,0.125,10.0,-9.0,3.0,12.0,2.0,0.1111111111111111,10.0,-12.0,3.0,15.0,2.0,0.09523809523809523,10.0,-14.0,3.0,17.0,2.0,0.08333333333333333,10.0,-15.0,3.0,18.0,2.0,0.07692307692307693,10.0,-19.0,5.0,24.0,2.0,0.06896551724137931,10.0,-20.0,7.0,27.0,3.0,0.09375,10.0,-20.0,8.0,28.0,6.0,0.1875,10.0,-18.0,10.0,28.0,7.0,0.21212121212121213,10.0,-18.0,11.0,29.0,7.0,0.21212121212121213,10.0,-20.0,11.0,31.0,10.0,0.29411764705882354,10.0,-18.0,13.0,31.0,11.0,0.2972972972972973,10.0,-18.0,13.0,31.0
2013/2014,BSC Young Boys,0.0,0.0,0.0,0.0,0.0,0.0,3.0,1.0,2.0,2.0,2.0,0.0,6.0,1.0,1.0,4.0,5.0,1.0,9.0,1.0,1.0,5.0,8.0,3.0,12.0,1.0,1.0,7.0,11.0,4.0,15.0,1.0,1.0,11.0,15.0,4.0,15.0,1.0,1.0,10.0,16.0,6.0,15.0,1.0,1.0,9.0,17.0,8.0,15.0,0.8333333333333334,2.0,8.0,17.0,9.0,16.0,0.7619047619047619,3.0,8.0,17.0,9.0,16.0,0.7619047619047619,3.0,7.0,17.0,10.0,17.0,0.7727272727272727,5.0,7.0,19.0,12.0,18.0,0.72,5.0,7.0,20.0,13.0,21.0,0.8076923076923077,4.0,10.0,23.0,13.0,24.0,0.8888888888888888,3.0,11.0,24.0,13.0,27.0,0.9,3.0,12.0,27.0,15.0,28.0,0.9032258064516129,2.0,12.0,29.0,17.0,28.0,0.875,5.0,11.0,29.0,18.0,31.0,0.9393939393939394,3.0,12.0,30.0,18.0
2013/2014,FC Aarau,0.0,0.0,0.0,0.0,0.0,0.0,0.0,0.0,7.0,-2.0,1.0,3.0,3.0,0.5,5.0,0.0,5.0,5.0,3.0,0.3333333333333333,7.0,-2.0,7.0,9.0,4.0,0.3333333333333333,6.0,-2.0,9.0,11.0,4.0,0.26666666666666666,8.0,-6.0,9.0,15.0,7.0,0.4666666666666667,7.0,-5.0,11.0,16.0,7.0,0.4666666666666667,8.0,-6.0,11.0,17.0,8.0,0.4444444444444444,8.0,-6.0,13.0,19.0,11.0,0.5238095238095238,7.0,-5.0,15.0,20.0,11.0,0.5238095238095238,7.0,-6.0,17.0,23.0,11.0,0.5,9.0,-7.0,17.0,24.0,14.0,0.56,7.0,-3.0,22.0,25.0,14.0,0.5384615384615384,9.0,-6.0,22.0,28.0,15.0,0.5555555555555556,8.0,-6.0,23.0,29.0,15.0,0.5,9.0,-8.0,25.0,33.0,18.0,0.5806451612903226,7.0,-7.0,27.0,34.0,18.0,0.5625,8.0,-8.0,27.0,35.0,21.0,0.6363636363636364,8.0,-7.0,29.0,36.0
2013/2014,FC Basel,0.0,0.0,0.0,0.0,0.0,0.0,3.0,1.0,1.0,2.0,3.0,1.0,4.0,0.6666666666666666,2.0,2.0,4.0,2.0,7.0,0.7777777777777778,3.0,4.0,6.0,2.0,8.0,0.6666666666666666,3.0,4.0,7.0,3.0,8.0,0.5333333333333333,4.0,3.0,8.0,5.0,9.0,0.6,4.0,3.0,9.0,6.0,12.0,0.8,3.0,4.0,11.0,7.0,15.0,0.8333333333333334,3.0,6.0,14.0,8.0,18.0,0.8571428571428571,2.0,8.0,16.0,8.0,19.0,0.9047619047619048,2.0,8.0,18.0,10.0,22.0,1.0,1.0,9.0,20.0,11.0,25.0,1.0,1.0,12.0,23.0,11.0,26.0,1.0,1.0,12.0,23.0,11.0,27.0,1.0,1.0,12.0,24.0,12.0,30.0,1.0,1.0,15.0,28.0,13.0,31.0,1.0,1.0,15.0,30.0,15.0,32.0,1.0,1.0,15.0,31.0,16.0,33.0,1.0,1.0,15.0,32.0,17.0
2013/2014,FC Lausanne-Sport,0.0,0.0,0.0,0.0,0.0,0.0,0.0,0.0,8.0,-2.0,0.0,2.0,0.0,0.0,10.0,-4.0,1.0,5.0,0.0,0.0,10.0,-6.0,1.0,7.0,1.0,0.08333333333333333,10.0,-6.0,1.0,7.0,1.0,0.06666666666666667,10.0,-8.0,1.0,9.0,1.0,0.06666666666666667,10.0,-9.0,2.0,11.0,1.0,0.06666666666666667,10.0,-12.0,3.0,15.0,1.0,0.05555555555555555,10.0,-13.0,4.0,17.0,1.0,0.047619047619047616,10.0,-14.0,5.0,19.0,4.0,0.19047619047619047,10.0,-13.0,8.0,21.0,4.0,0.18181818181818182,10.0,-14.0,9.0,23.0,4.0,0.16,10.0,-16.0,9.0,25.0,4.0,0.15384615384615385,10.0,-17.0,9.0,26.0,4.0,0.14814814814814814,10.0,-20.0,9.0,29.0,4.0,0.13333333333333333,10.0,-21.0,11.0,32.0,4.0,0.12903225806451613,10.0,-23.0,11.0,34.0,4.0,0.125,10.0,-27.0,11.0,38.0,7.0,0.21212121212121213,10.0,-25.0,14.0,39.0
2013/2014,FC Luzern,0.0,0.0,0.0,0.0,0.0,0.0,3.0,1.0,3.0,2.0,2.0,0.0,3.0,0.5,7.0,0.0,4.0,4.0,6.0,0.6666666666666666,4.0,1.0,7.0,6.0,9.0,0.75,2.0,2.0,8.0,6.0,10.0,0.6666666666666666,2.0,2.0,9.0,7.0,11.0,0.7333333333333333,3.0,2.0,10.0,8.0,11.0,0.7333333333333333,5.0,-1.0,11.0,12.0,14.0,0.7777777777777778,4.0,0.0,12.0,12.0,14.0,0.6666666666666666,4.0,-2.0,12.0,14.0,15.0,0.7142857142857143,5.0,-2.0,13.0,15.0,18.0,0.8181818181818182,4.0,0.0,15.0,15.0,19.0,0.76,4.0,0.0,16.0,16.0,22.0,0.8461538461538461,3.0,1.0,17.0,16.0,22.0,0.8148148148148148,5.0,-2.0,17.0,19.0,25.0,0.8333333333333334,4.0,0.0,20.0,20.0,28.0,0.9032258064516129,4.0,1.0,22.0,21.0,31.0,0.96875,2.0,2.0,23.0,21.0,32.0,0.9696969696969697,2.0,2.0,24.0,22.0
2013/2014,FC Sion,0.0,0.0,0.0,0.0,0.0,0.0,0.0,0.0,9.0,-2.0,0.0,2.0,1.0,0.16666666666666666,8.0,-2.0,0.0,2.0,1.0,0.1111111111111111,9.0,-3.0,0.0,3.0,1.0,0.08333333333333333,9.0,-4.0,0.0,4.0,2.0,0.13333333333333333,9.0,-4.0,0.0,4.0,3.0,0.2,9.0,-4.0,0.0,4.0,6.0,0.4,9.0,-3.0,1.0,4.0,6.0,0.3333333333333333,9.0,-5.0,2.0,7.0,9.0,0.42857142857142855,9.0,-4.0,4.0,8.0,10.0,0.47619047619047616,9.0,-4.0,6.0,10.0,11.0,0.5,8.0,-4.0,8.0,12.0,11.0,0.44,9.0,-5.0,8.0,13.0,14.0,0.5384615384615384,8.0,-3.0,10.0,13.0,17.0,0.6296296296296297,7.0,0.0,13.0,13.0,17.0,0.5666666666666667,8.0,-3.0,14.0,17.0,17.0,0.5483870967741935,9.0,-4.0,15.0,19.0,17.0,0.53125,9.0,-6.0,15.0,21.0,17.0,0.5151515151515151,9.0,-8.0,16.0,24.0
2013/2014,FC St. Gallen,0.0,0.0,0.0,0.0,0.0,0.0,0.0,0.0,10.0,-2.0,0.0,2.0,0.0,0.0,9.0,-3.0,2.0,5.0,3.0,0.3333333333333333,8.0,-2.0,3.0,5.0,4.0,0.3333333333333333,8.0,-2.0,4.0,6.0,7.0,0.4666666666666667,5.0,0.0,6.0,6.0,8.0,0.5333333333333333,5.0,0.0,6.0,6.0,11.0,0.7333333333333333,4.0,3.0,10.0,7.0,12.0,0.6666666666666666,5.0,3.0,12.0,9.0,13.0,0.6190476190476191,5.0,3.0,12.0,9.0,16.0,0.7619047619047619,4.0,4.0,13.0,9.0,19.0,0.8636363636363636,3.0,5.0,14.0,9.0,19.0,0.76,3.0,2.0,14.0,12.0,20.0,0.7692307692307693,5.0,2.0,14.0,12.0,23.0,0.8518518518518519,4.0,5.0,17.0,12.0,23.0,0.7666666666666667,5.0,3.0,18.0,15.0,26.0,0.8387096774193549,5.0,4.0,20.0,16.0,29.0,0.90625,4.0,6.0,22.0,16.0,29.0,0.8787878787878788,5.0,5.0,22.0,17.0
2013/2014,FC Thun,0.0,0.0,0.0,0.0,0.0,0.0,0.0,0.0,6.0,-1.0,2.0,3.0,3.0,0.5,6.0,0.0,5.0,5.0,3.0,0.3333333333333333,6.0,-1.0,7.0,8.0,4.0,0.3333333333333333,5.0,-1.0,9.0,10.0,5.0,0.3333333333333333,7.0,-1.0,10.0,11.0,6.0,0.4,8.0,-1.0,10.0,11.0,9.0,0.6,6.0,2.0,14.0,12.0,9.0,0.5,7.0,1.0,15.0,14.0,9.0,0.42857142857142855,8.0,-1.0,15.0,16.0,10.0,0.47619047619047616,8.0,-1.0,16.0,17.0,11.0,0.5,7.0,-1.0,17.0,18.0,14.0,0.56,6.0,0.0,18.0,18.0,15.0,0.5769230769230769,6.0,0.0,18.0,18.0,18.0,0.6666666666666666,6.0,1.0,20.0,19.0,18.0,0.6,6.0,-2.0,21.0,23.0,21.0,0.6774193548387096,6.0,0.0,23.0,23.0,24.0,0.75,6.0,1.0,24.0,23.0,24.0,0.7272727272727273,6.0,0.0,25.0,25.0
2013/2014,FC Zürich,0.0,0.0,0.0,0.0,0.0,0.0,3.0,1.0,5.0,1.0,3.0,2.0,4.0,0.6666666666666666,4.0,1.0,3.0,2.0,4.0,0.4444444444444444,5.0,0.0,5.0,5.0,4.0,0.3333333333333333,7.0,-2.0,6.0,8.0,7.0,0.4666666666666667,6.0,-1.0,8.0,9.0,8.0,0.5333333333333333,6.0,-1.0,8.0,9.0,8.0,0.5333333333333333,7.0,-3.0,9.0,12.0,11.0,0.6111111111111112,6.0,-2.0,11.0,13.0,11.0,0.5238095238095238,6.0,-3.0,12.0,15.0,14.0,0.6666666666666666,6.0,-2.0,13.0,15.0,14.0,0.6363636363636364,6.0,-4.0,13.0,17.0,14.0,0.56,8.0,-8.0,14.0,22.0,15.0,0.5769230769230769,7.0,-8.0,14.0,22.0,15.0,0.5555555555555556,9.0,-9.0,15.0,24.0,18.0,0.6,7.0,-6.0,19.0,25.0,18.0,0.5806451612903226,8.0,-7.0,20.0,27.0,21.0,0.65625,7.0,-3.0,24.0,27.0,22.0,0.6666666666666666,7.0,-3.0,25.0,28.0
2013/2014,Grasshopper Club Zürich,0.0,0.0,0.0,0.0,0.0,0.0,3.0,1.0,4.0,2.0,2.0,0.0,4.0,0.6666666666666666,3.0,2.0,3.0,1.0,7.0,0.7777777777777778,2.0,4.0,7.0,3.0,8.0,0.6666666666666666,4.0,4.0,7.0,3.0,9.0,0.6,3.0,4.0,7.0,3.0,12.0,0.8,2.0,5.0,9.0,4.0,15.0,1.0,2.0,7.0,12.0,5.0,18.0,1.0,1.0,8.0,14.0,6.0,21.0,1.0,1.0,10.0,16.0,6.0,21.0,1.0,1.0,9.0,16.0,7.0,22.0,1.0,2.0,9.0,17.0,8.0,25.0,1.0,2.0,11.0,19.0,8.0,25.0,0.9615384615384616,2.0,9.0,19.0,10.0,25.0,0.9259259259259259,2.0,8.0,19.0,11.0,28.0,0.9333333333333333,2.0,10.0,23.0,13.0,28.0,0.9032258064516129,3.0,9.0,24.0,15.0,29.0,0.90625,3.0,9.0,25.0,16.0,30.0,0.9090909090909091,4.0,9.0,26.0,17.0
2014/2015,BSC Young Boys,0.0,0.0,0.0,0.0,0.0,0.0,1.0,0.3333333333333333,4.0,0.0,2.0,2.0,2.0,0.3333333333333333,5.0,0.0,3.0,3.0,2.0,0.2222222222222222,6.0,-1.0,4.0,5.0,3.0,0.25,6.0,-1.0,5.0,6.0,6.0,0.5,6.0,3.0,9.0,6.0,9.0,0.6,4.0,5.0,11.0,6.0,9.0,0.5,4.0,3.0,12.0,9.0,12.0,0.631578947368421,4.0,4.0,15.0,11.0,15.0,0.7142857142857143,4.0,5.0,16.0,11.0,18.0,0.8181818181818182,3.0,6.0,18.0,12.0,18.0,0.782608695652174,4.0,5.0,20.0,15.0,18.0,0.6923076923076923,5.0,4.0,20.0,16.0,21.0,0.7777777777777778,5.0,5.0,22.0,17.0,21.0,0.7241379310344828,5.0,4.0,22.0,18.0,24.0,0.75,4.0,5.0,24.0,19.0,27.0,0.7714285714285715,3.0,6.0,25.0,19.0,30.0,0.7894736842105263,3.0,8.0,29.0,21.0,33.0,0.8048780487804879,3.0,9.0,30.0,21.0
2014/2015,FC Aarau,0.0,0.0,0.0,0.0,0.0,0.0,0.0,0.0,8.0,-1.0,1.0,2.0,1.0,0.16666666666666666,6.0,-1.0,2.0,3.0,2.0,0.2222222222222222,7.0,-1.0,3.0,4.0,3.0,0.25,7.0,-1.0,5.0,6.0,6.0,0.5,7.0,0.0,6.0,6.0,6.0,0.4,7.0,-1.0,7.0,8.0,7.0,0.3888888888888889,7.0,-1.0,8.0,9.0,10.0,0.5263157894736842,5.0,0.0,10.0,10.0,11.0,0.5238095238095238,6.0,0.0,10.0,10.0,11.0,0.5,6.0,-1.0,11.0,12.0,14.0,0.6086956521739131,6.0,0.0,14.0,14.0,14.0,0.5384615384615384,6.0,-3.0,14.0,17.0,15.0,0.5555555555555556,6.0,-3.0,14.0,17.0,16.0,0.5517241379310345,6.0,-3.0,16.0,19.0,16.0,0.5,6.0,-4.0,16.0,20.0,16.0,0.45714285714285713,7.0,-7.0,16.0,23.0,16.0,0.42105263157894735,7.0,-10.0,16.0,26.0,16.0,0.3902439024390244,8.0,-11.0,16.0,27.0
2014/2015,FC Basel,0.0,0.0,0.0,0.0,0.0,0.0,3.0,1.0,1.0,1.0,2.0,1.0,6.0,1.0,1.0,4.0,5.0,1.0,9.0,1.0,1.0,5.0,8.0,3.0,12.0,1.0,1.0,8.0,12.0,4.0,12.0,1.0,1.0,6.0,12.0,6.0,15.0,1.0,1.0,7.0,15.0,8.0,18.0,1.0,1.0,9.0,18.0,9.0,18.0,0.9473684210526315,2.0,7.0,19.0,12.0,21.0,1.0,1.0,9.0,22.0,13.0,22.0,1.0,1.0,9.0,23.0,14.0,22.0,0.9565217391304348,2.0,8.0,24.0,16.0,25.0,0.9615384615384616,2.0,9.0,25.0,16.0,26.0,0.9629629629629629,2.0,9.0,26.0,17.0,29.0,1.0,1.0,11.0,28.0,17.0,32.0,1.0,1.0,15.0,32.0,17.0,35.0,1.0,1.0,18.0,35.0,17.0,38.0,1.0,1.0,19.0,37.0,18.0,41.0,1.0,1.0,22.0,40.0,18.0
2014/2015,FC Luzern,0.0,0.0,0.0,0.0,0.0,0.0,1.0,0.3333333333333333,6.0,0.0,1.0,1.0,1.0,0.16666666666666666,8.0,-3.0,1.0,4.0,1.0,0.1111111111111111,9.0,-4.0,2.0,6.0,2.0,0.16666666666666666,9.0,-4.0,3.0,7.0,3.0,0.25,8.0,-4.0,4.0,8.0,4.0,0.26666666666666666,9.0,-4.0,5.0,9.0,5.0,0.2777777777777778,8.0,-4.0,6.0,10.0,5.0,0.2631578947368421,10.0,-5.0,8.0,13.0,5.0,0.23809523809523808,10.0,-6.0,10.0,16.0,5.0,0.22727272727272727,10.0,-7.0,11.0,18.0,5.0,0.21739130434782608,10.0,-9.0,12.0,21.0,6.0,0.23076923076923078,10.0,-9.0,12.0,21.0,6.0,0.2222222222222222,10.0,-10.0,13.0,23.0,9.0,0.3103448275862069,10.0,-9.0,16.0,25.0,10.0,0.3125,10.0,-9.0,16.0,25.0,10.0,0.2857142857142857,10.0,-10.0,18.0,28.0,13.0,0.34210526315789475,10.0,-7.0,21.0,28.0,13.0,0.3170731707317073,10.0,-10.0,21.0,31.0
2014/2015,FC Sion,0.0,0.0,0.0,0.0,0.0,0.0,1.0,0.3333333333333333,7.0,0.0,1.0,1.0,4.0,0.6666666666666666,4.0,1.0,2.0,1.0,5.0,0.5555555555555556,4.0,1.0,2.0,1.0,8.0,0.6666666666666666,3.0,2.0,3.0,1.0,8.0,0.6666666666666666,4.0,1.0,3.0,2.0,8.0,0.5333333333333333,6.0,0.0,5.0,5.0,8.0,0.4444444444444444,5.0,-1.0,6.0,7.0,8.0,0.42105263157894735,8.0,-4.0,7.0,11.0,8.0,0.38095238095238093,7.0,-5.0,7.0,12.0,8.0,0.36363636363636365,9.0,-6.0,7.0,13.0,11.0,0.4782608695652174,7.0,-4.0,10.0,14.0,12.0,0.46153846153846156,7.0,-4.0,10.0,14.0,13.0,0.48148148148148145,7.0,-4.0,11.0,15.0,14.0,0.4827586206896552,7.0,-4.0,13.0,17.0,14.0,0.4375,8.0,-5.0,14.0,19.0,14.0,0.4,9.0,-7.0,15.0,22.0,15.0,0.39473684210526316,8.0,-7.0,18.0,25.0,15.0,0.36585365853658536,9.0,-9.0,18.0,27.0
2014/2015,FC St. Gallen,0.0,0.0,0.0,0.0,0.0,0.0,1.0,0.3333333333333333,5.0,0.0,2.0,2.0,1.0,0.16666666666666666,7.0,-1.0,2.0,3.0,4.0,0.4444444444444444,5.0,0.0,4.0,4.0,5.0,0.4166666666666667,5.0,0.0,6.0,6.0,8.0,0.6666666666666666,3.0,2.0,8.0,6.0,8.0,0.5333333333333333,5.0,0.0,9.0,9.0,8.0,0.4444444444444444,6.0,-2.0,9.0,11.0,9.0,0.47368421052631576,6.0,-2.0,11.0,13.0,12.0,0.5714285714285714,5.0,1.0,14.0,13.0,15.0,0.6818181818181818,5.0,2.0,16.0,14.0,18.0,0.782608695652174,5.0,3.0,18.0,15.0,21.0,0.8076923076923077,3.0,6.0,21.0,15.0,22.0,0.8148148148148148,3.0,6.0,22.0,16.0,25.0,0.8620689655172413,3.0,7.0,23.0,16.0,25.0,0.78125,3.0,4.0,23.0,19.0,26.0,0.7428571428571429,4.0,4.0,26.0,22.0,26.0,0.6842105263157895,5.0,2.0,28.0,26.0,29.0,0.7073170731707317,4.0,4.0,30.0,26.0
2014/2015,FC Thun,0.0,0.0,0.0,0.0,0.0,0.0,3.0,1.0,2.0,1.0,1.0,0.0,6.0,1.0,3.0,2.0,4.0,2.0,6.0,0.6666666666666666,3.0,1.0,6.0,5.0,7.0,0.5833333333333334,4.0,1.0,7.0,6.0,7.0,0.5833333333333334,5.0,0.0,8.0,8.0,10.0,0.6666666666666666,3.0,2.0,11.0,9.0,13.0,0.7222222222222222,3.0,3.0,13.0,10.0,13.0,0.6842105263157895,3.0,2.0,14.0,12.0,16.0,0.7619047619047619,3.0,3.0,17.0,14.0,17.0,0.7727272727272727,4.0,3.0,18.0,15.0,20.0,0.8695652173913043,3.0,4.0,21.0,17.0,21.0,0.8076923076923077,4.0,4.0,21.0,17.0,22.0,0.8148148148148148,4.0,4.0,21.0,17.0,22.0,0.7586206896551724,4.0,3.0,21.0,18.0,23.0,0.71875,5.0,3.0,21.0,18.0,23.0,0.6571428571428571,5.0,2.0,21.0,19.0,26.0,0.6842105263157895,4.0,3.0,22.0,19.0,29.0,0.7073170731707317,5.0,4.0,24.0,20.0
2014/2015,FC Vaduz,0.0,0.0,0.0,0.0,0.0,0.0,0.0,0.0,9.0,-1.0,0.0,1.0,0.0,0.0,10.0,-4.0,1.0,5.0,1.0,0.1111111111111111,10.0,-4.0,2.0,6.0,1.0,0.08333333333333333,10.0,-5.0,2.0,7.0,2.0,0.16666666666666666,9.0,-5.0,3.0,8.0,2.0,0.13333333333333333,10.0,-7.0,3.0,10.0,5.0,0.2777777777777778,10.0,-6.0,4.0,10.0,6.0,0.3157894736842105,9.0,-6.0,6.0,12.0,6.0,0.2857142857142857,9.0,-8.0,7.0,15.0,9.0,0.4090909090909091,8.0,-7.0,8.0,15.0,9.0,0.391304347826087,9.0,-10.0,8.0,18.0,10.0,0.38461538461538464,9.0,-10.0,8.0,18.0,11.0,0.4074074074074074,9.0,-10.0,9.0,19.0,14.0,0.4827586206896552,8.0,-9.0,10.0,19.0,14.0,0.4375,9.0,-13.0,10.0,23.0,15.0,0.42857142857142855,8.0,-13.0,13.0,26.0,15.0,0.39473684210526316,9.0,-14.0,13.0,27.0,18.0,0.43902439024390244,7.0,-13.0,14.0,27.0
2014/2015,FC Zürich,0.0,0.0,0.0,0.0,0.0,0.0,3.0,1.0,3.0,1.0,1.0,0.0,6.0,1.0,2.0,4.0,5.0,1.0,9.0,1.0,2.0,5.0,7.0,2.0,9.0,0.75,2.0,2.0,8.0,6.0,12.0,1.0,2.0,3.0,10.0,7.0,13.0,0.8666666666666667,2.0,3.0,11.0,8.0,16.0,0.8888888888888888,2.0,5.0,13.0,8.0,19.0,1.0,1.0,8.0,17.0,9.0,20.0,0.9523809523809523,2.0,8.0,17.0,9.0,20.0,0.9090909090909091,2.0,7.0,18.0,11.0,23.0,1.0,1.0,10.0,21.0,11.0,26.0,1.0,1.0,12.0,24.0,12.0,27.0,1.0,1.0,12.0,25.0,13.0,27.0,0.9310344827586207,2.0,11.0,27.0,16.0,30.0,0.9375,2.0,12.0,28.0,16.0,33.0,0.9428571428571428,2.0,14.0,31.0,17.0,33.0,0.868421052631579,2.0,13.0,32.0,19.0,33.0,0.8048780487804879,2.0,12.0,33.0,21.0
2014/2015,Grasshopper Club Zürich,0.0,0.0,0.0,0.0,0.0,0.0,0.0,0.0,10.0,-1.0,0.0,1.0,0.0,0.0,9.0,-2.0,2.0,4.0,1.0,0.1111111111111111,8.0,-2.0,2.0,4.0,2.0,0.16666666666666666,8.0,-2.0,3.0,5.0,2.0,0.16666666666666666,10.0,-6.0,3.0,9.0,5.0,0.3333333333333333,8.0,-5.0,5.0,10.0,5.0,0.2777777777777778,9.0,-6.0,5.0,11.0,8.0,0.42105263157894735,7.0,-4.0,8.0,12.0,8.0,0.38095238095238093,8.0,-7.0,8.0,15.0,11.0,0.5,7.0,-6.0,10.0,16.0,11.0,0.4782608695652174,8.0,-7.0,12.0,19.0,11.0,0.4230769230769231,8.0,-9.0,13.0,22.0,12.0,0.4444444444444444,8.0,-9.0,14.0,23.0,12.0,0.41379310344827586,9.0,-11.0,14.0,25.0,15.0,0.46875,7.0,-8.0,17.0,25.0,18.0,0.5142857142857142,6.0,-7.0,20.0,27.0,19.0,0.5,6.0,-7.0,23.0,30.0,19.0,0.4634146341463415,6.0,-8.0,23.0,31.0
2015/2016,BSC Young Boys,0.0,0.0,0.0,0.0,0.0,0.0,1.0,0.3333333333333333,6.0,0.0,1.0,1.0,2.0,0.3333333333333333,8.0,0.0,2.0,2.0,3.0,0.3333333333333333,6.0,0.0,3.0,3.0,6.0,0.5,3.0,2.0,6.0,4.0,6.0,0.4,5.0,1.0,6.0,5.0,9.0,0.5,3.0,3.0,9.0,6.0,9.0,0.42857142857142855,5.0,2.0,11.0,9.0,12.0,0.5,4.0,6.0,15.0,9.0,15.0,0.625,3.0,7.0,19.0,12.0,18.0,0.6666666666666666,3.0,8.0,20.0,12.0,21.0,0.75,3.0,10.0,23.0,13.0,22.0,0.7096774193548387,3.0,10.0,24.0,14.0,22.0,0.6470588235294118,3.0,9.0,24.0,15.0,23.0,0.6216216216216216,3.0,9.0,25.0,16.0,24.0,0.6486486486486487,3.0,9.0,26.0,17.0,25.0,0.6756756756756757,3.0,9.0,27.0,18.0,28.0,0.7,3.0,10.0,29.0,19.0,28.0,0.6511627906976745,3.0,8.0,30.0,22.0
2015/2016,FC Basel,0.0,0.0,0.0,0.0,0.0,0.0,3.0,1.0,2.0,2.0,2.0,0.0,6.0,1.0,1.0,3.0,5.0,2.0,9.0,1.0,1.0,6.0,8.0,2.0,12.0,1.0,1.0,8.0,11.0,3.0,15.0,1.0,1.0,10.0,14.0,4.0,18.0,1.0,1.0,12.0,17.0,5.0,21.0,1.0,1.0,14.0,20.0,6.0,24.0,1.0,1.0,15.0,22.0,7.0,24.0,1.0,1.0,14.0,25.0,11.0,27.0,1.0,1.0,16.0,28.0,12.0,28.0,1.0,1.0,16.0,30.0,14.0,31.0,1.0,1.0,18.0,32.0,14.0,34.0,1.0,1.0,19.0,33.0,14.0,37.0,1.0,1.0,20.0,35.0,15.0,37.0,1.0,1.0,19.0,37.0,18.0,37.0,1.0,1.0,18.0,38.0,20.0,40.0,1.0,1.0,21.0,41.0,20.0,43.0,1.0,1.0,23.0,43.0,20.0
2015/2016,FC Lugano,0.0,0.0,0.0,0.0,0.0,0.0,0.0,0.0,9.0,-2.0,0.0,2.0,0.0,0.0,10.0,-3.0,2.0,5.0,3.0,0.3333333333333333,8.0,-2.0,3.0,5.0,3.0,0.25,9.0,-7.0,4.0,11.0,6.0,0.4,6.0,-6.0,5.0,11.0,6.0,0.3333333333333333,8.0,-8.0,6.0,14.0,6.0,0.2857142857142857,9.0,-9.0,6.0,15.0,6.0,0.25,10.0,-12.0,6.0,18.0,7.0,0.2916666666666667,9.0,-12.0,6.0,18.0,7.0,0.25925925925925924,10.0,-14.0,7.0,21.0,8.0,0.2857142857142857,10.0,-14.0,9.0,23.0,11.0,0.3548387096774194,9.0,-12.0,12.0,24.0,11.0,0.3235294117647059,9.0,-13.0,13.0,26.0,14.0,0.3783783783783784,8.0,-10.0,16.0,26.0,15.0,0.40540540540540543,8.0,-10.0,17.0,27.0,15.0,0.40540540540540543,8.0,-12.0,20.0,32.0,16.0,0.4,8.0,-12.0,21.0,33.0,19.0,0.4418604651162791,8.0,-9.0,25.0,34.0
2015/2016,FC Luzern,0.0,0.0,0.0,0.0,0.0,0.0,1.0,0.3333333333333333,4.0,0.0,2.0,2.0,2.0,0.3333333333333333,6.0,0.0,3.0,3.0,5.0,0.5555555555555556,3.0,1.0,4.0,3.0,5.0,0.4166666666666667,5.0,-1.0,5.0,6.0,5.0,0.3333333333333333,8.0,-2.0,5.0,7.0,8.0,0.4444444444444444,4.0,1.0,10.0,9.0,11.0,0.5238095238095238,3.0,2.0,11.0,9.0,12.0,0.5,5.0,2.0,14.0,12.0,15.0,0.625,4.0,3.0,16.0,13.0,18.0,0.6666666666666666,4.0,4.0,17.0,13.0,19.0,0.6785714285714286,4.0,4.0,19.0,15.0,19.0,0.6129032258064516,4.0,3.0,19.0,16.0,20.0,0.5882352941176471,4.0,3.0,20.0,17.0,20.0,0.5405405405405406,4.0,2.0,20.0,18.0,20.0,0.5405405405405406,5.0,0.0,20.0,20.0,23.0,0.6216216216216216,4.0,1.0,21.0,20.0,23.0,0.575,4.0,-2.0,21.0,23.0,26.0,0.6046511627906976,4.0,0.0,24.0,24.0
2015/2016,FC Sion,0.0,0.0,0.0,0.0,0.0,0.0,1.0,0.3333333333333333,5.0,0.0,2.0,2.0,4.0,0.6666666666666666,2.0,1.0,3.0,2.0,4.0,0.4444444444444444,5.0,-2.0,3.0,5.0,5.0,0.4166666666666667,6.0,-2.0,4.0,6.0,8.0,0.5333333333333333,3.0,0.0,7.0,7.0,8.0,0.4444444444444444,5.0,-2.0,8.0,10.0,11.0,0.5238095238095238,4.0,0.0,10.0,10.0,14.0,0.5833333333333334,3.0,3.0,13.0,10.0,14.0,0.5833333333333334,5.0,1.0,13.0,12.0,14.0,0.5185185185185185,5.0,0.0,13.0,13.0,15.0,0.5357142857142857,5.0,0.0,14.0,14.0,15.0,0.4838709677419355,5.0,-2.0,14.0,16.0,18.0,0.5294117647058824,5.0,-1.0,17.0,18.0,18.0,0.4864864864864865,5.0,-4.0,17.0,21.0,21.0,0.5675675675675675,4.0,-2.0,19.0,21.0,22.0,0.5945945945945946,6.0,-2.0,20.0,22.0,22.0,0.55,6.0,-3.0,21.0,24.0,22.0,0.5116279069767442,6.0,-4.0,21.0,25.0
2015/2016,FC St. Gallen,0.0,0.0,0.0,0.0,0.0,0.0,3.0,1.0,3.0,2.0,2.0,0.0,3.0,0.5,4.0,1.0,2.0,1.0,4.0,0.4444444444444444,4.0,1.0,3.0,2.0,4.0,0.3333333333333333,7.0,-1.0,3.0,4.0,7.0,0.4666666666666667,4.0,0.0,4.0,4.0,7.0,0.3888888888888889,6.0,-2.0,4.0,6.0,7.0,0.3333333333333333,6.0,-3.0,4.0,7.0,7.0,0.2916666666666667,6.0,-4.0,5.0,9.0,10.0,0.4166666666666667,6.0,-3.0,6.0,9.0,11.0,0.4074074074074074,6.0,-3.0,7.0,10.0,12.0,0.42857142857142855,6.0,-3.0,8.0,11.0,12.0,0.3870967741935484,6.0,-5.0,9.0,14.0,13.0,0.38235294117647056,7.0,-5.0,11.0,16.0,16.0,0.43243243243243246,7.0,-4.0,12.0,16.0,19.0,0.5135135135135135,6.0,-2.0,14.0,16.0,22.0,0.5945945945945946,5.0,-1.0,16.0,17.0,22.0,0.55,5.0,-2.0,17.0,19.0,23.0,0.5348837209302325,5.0,-2.0,19.0,21.0
2015/2016,FC Thun,0.0,0.0,0.0,0.0,0.0,0.0,0.0,0.0,8.0,-2.0,3.0,5.0,3.0,0.5,5.0,-1.0,6.0,7.0,3.0,0.3333333333333333,7.0,-2.0,6.0,8.0,3.0,0.25,8.0,-4.0,7.0,11.0,3.0,0.2,10.0,-6.0,8.0,14.0,6.0,0.3333333333333333,7.0,-5.0,9.0,14.0,6.0,0.2857142857142857,8.0,-7.0,9.0,16.0,7.0,0.2916666666666667,7.0,-7.0,12.0,19.0,7.0,0.2916666666666667,8.0,-8.0,12.0,20.0,7.0,0.25925925925925924,9.0,-9.0,12.0,21.0,8.0,0.2857142857142857,9.0,-9.0,13.0,22.0,11.0,0.3548387096774194,7.0,-5.0,18.0,23.0,14.0,0.4117647058823529,6.0,-4.0,20.0,24.0,17.0,0.4594594594594595,6.0,-3.0,22.0,25.0,17.0,0.4594594594594595,7.0,-5.0,22.0,27.0,17.0,0.4594594594594595,7.0,-6.0,22.0,28.0,20.0,0.5,7.0,-5.0,24.0,29.0,20.0,0.46511627906976744,7.0,-7.0,24.0,31.0
2015/2016,FC Vaduz,0.0,0.0,0.0,0.0,0.0,0.0,0.0,0.0,10.0,-2.0,0.0,2.0,1.0,0.16666666666666666,9.0,-2.0,2.0,4.0,1.0,0.1111111111111111,10.0,-3.0,2.0,5.0,2.0,0.16666666666666666,10.0,-3.0,3.0,6.0,3.0,0.2,9.0,-3.0,6.0,9.0,3.0,0.16666666666666666,10.0,-4.0,6.0,10.0,6.0,0.2857142857142857,7.0,-3.0,7.0,10.0,6.0,0.25,9.0,-7.0,7.0,14.0,6.0,0.25,10.0,-8.0,8.0,16.0,9.0,0.3333333333333333,7.0,-7.0,9.0,16.0,10.0,0.35714285714285715,7.0,-7.0,10.0,17.0,11.0,0.3548387096774194,8.0,-7.0,11.0,18.0,12.0,0.35294117647058826,8.0,-7.0,12.0,19.0,12.0,0.32432432432432434,9.0,-8.0,13.0,21.0,13.0,0.35135135135135137,9.0,-8.0,14.0,22.0,13.0,0.35135135135135137,10.0,-10.0,14.0,24.0,14.0,0.35,9.0,-10.0,15.0,25.0,15.0,0.3488372093023256,10.0,-10.0,17.0,27.0
2015/2016,FC Zürich,0.0,0.0,0.0,0.0,0.0,0.0,1.0,0.3333333333333333,7.0,0.0,1.0,1.0,2.0,0.3333333333333333,7.0,0.0,3.0,3.0,2.0,0.2222222222222222,9.0,-1.0,5.0,6.0,5.0,0.4166666666666667,4.0,1.0,7.0,6.0,5.0,0.3333333333333333,7.0,-1.0,8.0,9.0,5.0,0.2777777777777778,9.0,-4.0,10.0,14.0,5.0,0.23809523809523808,10.0,-6.0,11.0,17.0,6.0,0.25,8.0,-6.0,14.0,20.0,7.0,0.2916666666666667,7.0,-6.0,14.0,20.0,7.0,0.25925925925925924,8.0,-7.0,14.0,21.0,8.0,0.2857142857142857,8.0,-7.0,16.0,23.0,8.0,0.25806451612903225,10.0,-11.0,17.0,28.0,9.0,0.2647058823529412,10.0,-11.0,19.0,30.0,10.0,0.2702702702702703,10.0,-11.0,20.0,31.0,11.0,0.2972972972972973,10.0,-11.0,21.0,32.0,14.0,0.3783783783783784,9.0,-9.0,26.0,35.0,14.0,0.35,10.0,-14.0,26.0,40.0,17.0,0.3953488372093023,9.0,-13.0,27.0,40.0
2015/2016,Grasshopper Club Zürich,0.0,0.0,0.0,0.0,0.0,0.0,3.0,1.0,1.0,2.0,5.0,3.0,3.0,0.5,3.0,1.0,7.0,6.0,6.0,0.6666666666666666,2.0,2.0,10.0,8.0,9.0,0.75,2.0,7.0,16.0,9.0,10.0,0.6666666666666666,2.0,7.0,19.0,12.0,13.0,0.7222222222222222,2.0,9.0,21.0,12.0,16.0,0.7619047619047619,2.0,10.0,24.0,14.0,17.0,0.7083333333333334,2.0,10.0,27.0,17.0,20.0,0.8333333333333334,2.0,12.0,29.0,17.0,21.0,0.7777777777777778,2.0,12.0,30.0,18.0,21.0,0.75,2.0,10.0,31.0,21.0,24.0,0.7741935483870968,2.0,11.0,32.0,21.0,24.0,0.7058823529411765,2.0,10.0,34.0,24.0,24.0,0.6486486486486487,2.0,9.0,35.0,26.0,27.0,0.7297297297297297,2.0,10.0,38.0,28.0,30.0,0.8108108108108109,2.0,12.0,40.0,28.0,33.0,0.825,2.0,17.0,45.0,28.0,33.0,0.7674418604651163,2.0,14.0,46.0,32.0
